identity,arm,seed,condition,status,psnr,ssim,lpips,facenet_cosine,arcface_conditioning_cosine,eye_bbox_lpips,mae,niqe,brisque,facenet_detection,arcface_detection
263,baseline,17,clean,complete,23.825855711872514,0.7010346462261724,0.26243752241134644,0.8837107419967651,0.8348510265350342,0.15971478819847107,0.03877128152286305,4.897466701870804,-3.55157470703125,ok,ok
263,baseline,17,wrong_patch,complete,23.69336750115179,0.6983368052547783,0.2622886002063751,0.8628326654434204,0.8247890472412109,0.1484210044145584,0.03971937092301114,4.731347080868516,-2.90069580078125,ok,ok
263,baseline,29,clean,complete,24.056805775163777,0.688016098695708,0.29622721672058105,0.9092365503311157,0.8587629199028015,0.17350876331329346,0.03657385134229473,4.986362419617697,-4.46807861328125,ok,ok
263,baseline,29,wrong_patch,complete,23.98617864175458,0.6874858121404034,0.2915467917919159,0.9023844003677368,0.8546802997589111,0.17814293503761292,0.03682022094726562,5.158653885863216,-4.32501220703125,ok,ok
263,baseline,43,clean,complete,22.883193167522194,0.7098368440298372,0.275852769613266,0.8816020488739014,0.8267289400100708,0.24262791872024536,0.04651872223498774,4.768396151157204,-6.21514892578125,ok,ok
263,baseline,43,wrong_patch,complete,22.822528373017256,0.7096173793475955,0.27588874101638794,0.8549585342407227,0.8291330337524414,0.24245022237300873,0.046831736845128674,4.943680797017103,-6.22540283203125,ok,ok
263,regional_v1,17,clean,complete,23.825743282826195,0.7013363034414484,0.2647182047367096,0.8869824409484863,0.8489491939544678,0.16000689566135406,0.03888555289873111,4.893162032967937,-3.36309814453125,ok,ok
263,regional_v1,17,wrong_patch,complete,23.74542629144626,0.6995100536855229,0.2639558017253876,0.8452693223953247,0.8348318338394165,0.15525200963020325,0.0395383298786637,4.730666967012641,-3.16192626953125,ok,ok
263,regional_v1,29,clean,complete,24.021567618964475,0.6893054682719923,0.29709434509277344,0.9148776531219482,0.8552296161651611,0.17942246794700623,0.03666346930210886,4.82915128987194,-4.70733642578125,ok,ok
263,regional_v1,29,wrong_patch,complete,24.011401949122792,0.6886233209464667,0.29229938983917236,0.8878007531166077,0.8577638864517212,0.18047583103179932,0.036820455314287175,5.316314324225507,-4.99493408203125,ok,ok
263,regional_v1,43,clean,complete,22.858079811645695,0.7092378815177196,0.2775142192840576,0.8689584732055664,0.8285360336303711,0.22755593061447144,0.04650562261444291,5.061894445386978,-6.20635986328125,ok,ok
263,regional_v1,43,wrong_patch,complete,22.826702147708247,0.7088588329527783,0.2768634855747223,0.8906463384628296,0.8316717743873596,0.2424324005842209,0.04680140376870149,4.802374273367992,-5.88946533203125,ok,ok
263,diffusion,17,clean,complete,23.828876666904666,0.7014399164361658,0.26466161012649536,0.9085400104522705,0.8336609601974487,0.15965324640274048,0.03876698811848958,4.969634388488674,-4.71319580078125,ok,ok
263,diffusion,17,wrong_patch,complete,23.753217544509976,0.7004156202995494,0.2623986303806305,0.8517576456069946,0.8324054479598999,0.15857641398906708,0.03937408347534977,4.670933032692246,-3.04864501953125,ok,ok
263,diffusion,29,clean,complete,24.050274468528944,0.6884763731837098,0.29736244678497314,0.8972058296203613,0.866091787815094,0.17885199189186096,0.03666192846360549,4.7888202803997375,-5.00225830078125,ok,ok
263,diffusion,29,wrong_patch,complete,23.968480192429354,0.6873472415208783,0.29304829239845276,0.8780519962310791,0.8538973927497864,0.18650031089782715,0.03697513256197661,5.200164222778714,-4.44512939453125,ok,ok
263,diffusion,43,clean,complete,22.8702985484988,0.7100318480062218,0.2771422266960144,0.8781305551528931,0.8266125917434692,0.23036983609199524,0.046489875145207825,5.0013597067134645,-5.84112548828125,ok,ok
263,diffusion,43,wrong_patch,complete,22.7907721188241,0.7097501684244054,0.27746790647506714,0.8496983051300049,0.8297321796417236,0.23453335464000702,0.04691384010065614,4.930784359958218,-4.96514892578125,ok,ok
263,identity,17,clean,complete,23.80756032225178,0.7007627351342357,0.26352834701538086,0.8699185848236084,0.837702751159668,0.15832747519016266,0.0389443989672692,4.928460584700434,-3.41583251953125,ok,ok
263,identity,17,wrong_patch,complete,23.753360379333554,0.7000491461106579,0.26332640647888184,0.8578558564186096,0.8297710418701172,0.15234078466892242,0.03944002039292279,4.734424987952735,-3.25128173828125,ok,ok
263,identity,29,clean,complete,24.022337316987482,0.6886648154039038,0.2951563596725464,0.8977961540222168,0.8610830307006836,0.17248272895812988,0.03652624491772621,4.920015906333587,-4.68634033203125,ok,ok
263,identity,29,wrong_patch,complete,23.979200200025623,0.6886605895616075,0.29171088337898254,0.8964406251907349,0.8530672788619995,0.17127609252929688,0.03689209183836294,4.982344079869588,-4.36895751953125,ok,ok
263,identity,43,clean,complete,22.881093583446184,0.711032252502324,0.275179386138916,0.8621355295181274,0.8279348611831665,0.22772476077079773,0.04629941454120711,4.952066345674845,-6.34552001953125,ok,ok
263,identity,43,wrong_patch,complete,22.864178592813865,0.710462332330228,0.27625834941864014,0.8433389663696289,0.822378396987915,0.22263385355472565,0.04660997079088797,4.915549971574875,-6.10675048828125,ok,ok
6681,baseline,17,clean,complete,25.093158416688134,0.573121011930911,0.21001961827278137,0.9466608762741089,0.8565324544906616,0.059894852340221405,0.037890525269352535,5.109980948322121,-2.59600830078125,ok,ok
6681,baseline,17,wrong_patch,complete,25.053662235385,0.571134286850232,0.20908449590206146,0.9372775554656982,0.8420727252960205,0.06300714612007141,0.03811009724934896,5.0916635003611335,-2.47198486328125,ok,ok
6681,baseline,29,clean,complete,25.231106319338153,0.5617746260369503,0.27378037571907043,0.9035251140594482,0.8274639844894409,0.06956863403320312,0.0379395279229856,5.780601991707866,0.98553466796875,ok,ok
6681,baseline,29,wrong_patch,complete,25.24464493556705,0.558831067543921,0.27958691120147705,0.9094334840774536,0.8291845321655273,0.07786887884140015,0.037922134898067304,5.831856107001674,1.94451904296875,ok,ok
6681,baseline,43,clean,complete,24.531740874179725,0.5763042498455517,0.2217923104763031,0.9577096700668335,0.8621753454208374,0.06306491047143936,0.04203214957044016,6.237190813364175,0.93524169921875,ok,ok
6681,baseline,43,wrong_patch,complete,24.533691971976896,0.575698284869596,0.22466354072093964,0.9489626884460449,0.862945556640625,0.0666833221912384,0.041961515339371425,6.295850403744835,0.41033935546875,ok,ok
6681,regional_v1,17,clean,complete,25.083679229616433,0.5724693739461317,0.20836426317691803,0.9368127584457397,0.8587741851806641,0.05871562287211418,0.03785830728368821,4.953460842603599,-2.40997314453125,ok,ok
6681,regional_v1,17,wrong_patch,complete,25.048570144530395,0.5703375165298472,0.207772895693779,0.9281920194625854,0.8495817184448242,0.06520026922225952,0.038081783718532984,4.981972597752159,-2.26690673828125,ok,ok
6681,regional_v1,29,clean,complete,25.241397140392653,0.5612097535721211,0.2732216417789459,0.9045132994651794,0.826961874961853,0.06781605631113052,0.03787327685387306,5.685023149363003,0.70867919921875,ok,ok
6681,regional_v1,29,wrong_patch,complete,25.244992432598643,0.5574060956279345,0.28049540519714355,0.9065991640090942,0.8215023875236511,0.07989978790283203,0.03790523055332159,5.825480296106077,0.83612060546875,ok,ok
6681,regional_v1,43,clean,complete,24.515367291434764,0.5769387198634768,0.2247520089149475,0.9504650235176086,0.865572988986969,0.06302817165851593,0.04205298828922845,6.29665272408192,0.69305419921875,ok,ok
6681,regional_v1,43,wrong_patch,complete,24.58184778401336,0.575953360743125,0.224798321723938,0.9520131349563599,0.869978666305542,0.06599511206150055,0.04167779660692402,6.32504693445906,0.76971435546875,ok,ok
6681,diffusion,17,clean,complete,25.08673597208329,0.5716994753949138,0.20928063988685608,0.9398180246353149,0.8543949127197266,0.060907140374183655,0.03787372564178666,4.876660957666589,-2.59600830078125,ok,ok
6681,diffusion,17,wrong_patch,complete,25.0558783495945,0.5706259751745809,0.20782899856567383,0.9014002084732056,0.8491960763931274,0.06317998468875885,0.038014794642629184,5.150242704889271,-2.27520751953125,ok,ok
6681,diffusion,29,clean,complete,25.240569533003764,0.5623574593349286,0.2720452547073364,0.896863579750061,0.8214256763458252,0.06680616736412048,0.037842614666309234,5.843832080338565,0.94744873046875,ok,ok
6681,diffusion,29,wrong_patch,complete,25.23584885972035,0.5578945477043556,0.27969643473625183,0.9077461361885071,0.8257620334625244,0.08201707899570465,0.037958107742608764,5.78778260756944,2.03680419921875,ok,ok
6681,diffusion,43,clean,complete,24.512310311596764,0.5727786227326432,0.22463831305503845,0.9550978541374207,0.867512583732605,0.06811253726482391,0.04207987068525326,6.349745813554865,0.99627685546875,ok,ok
6681,diffusion,43,wrong_patch,complete,24.54427924307483,0.5762175388292142,0.22546181082725525,0.9536288976669312,0.8616259098052979,0.06610921025276184,0.04204400255789165,6.309802803681164,0.35711669921875,ok,ok
6681,identity,17,clean,complete,25.105115610195057,0.5722852939302251,0.2093730866909027,0.9447495341300964,0.8495171070098877,0.058690354228019714,0.037781409967958535,5.002552139333887,-1.82354736328125,ok,ok
6681,identity,17,wrong_patch,complete,25.057485443185755,0.5700786191268883,0.20740416646003723,0.9321653842926025,0.8440357446670532,0.06536151468753815,0.038014300975924224,4.99014292209771,-1.84844970703125,ok,ok
6681,identity,29,clean,complete,25.23244449095593,0.5623345309986806,0.27479973435401917,0.9030262231826782,0.818440854549408,0.07157786190509796,0.03791862437927645,5.82157823167816,1.03826904296875,ok,ok
6681,identity,29,wrong_patch,complete,25.255012126452023,0.5575076902110837,0.28116655349731445,0.9079164266586304,0.8332447409629822,0.07927441596984863,0.037916470197291156,5.996759897575403,1.01483154296875,ok,ok
6681,identity,43,clean,complete,24.470247482434534,0.5749377130800931,0.22402305901050568,0.9480394124984741,0.867870569229126,0.061096008867025375,0.04224123985938777,6.26534648373284,0.68475341796875,ok,ok
6681,identity,43,wrong_patch,complete,24.551394708226265,0.5776903130665514,0.22388425469398499,0.9489628672599792,0.8622860908508301,0.06683267652988434,0.04189431682910796,6.259038191529407,0.68182373046875,ok,ok
7400,baseline,17,clean,complete,23.339818248902372,0.6986980228039469,0.34537819027900696,0.9028692841529846,,0.15740735828876495,0.04495318543677237,4.473482624388367,-13.18145751953125,ok,no_face
7400,baseline,17,wrong_patch,complete,23.352960978287328,0.7001221650385322,0.34303799271583557,0.9020085334777832,,0.15220727026462555,0.044821261736302596,4.391417472156559,-13.38751220703125,ok,no_face
7400,baseline,29,clean,complete,24.448834958877022,0.7104398054334066,0.3753001391887665,0.9274047017097473,,0.17665812373161316,0.03710835276086346,5.1047253588857,-4.25665283203125,ok,no_face
7400,baseline,29,wrong_patch,complete,24.36500538236908,0.7106073650720083,0.37722161412239075,0.9115161895751953,,0.17316609621047974,0.03760011461046007,4.930611290863382,-3.86651611328125,ok,no_face
7400,baseline,43,clean,complete,22.734491685331733,0.7202263623784556,0.30152803659439087,0.9246076345443726,,0.15591447055339813,0.04670428107766544,4.658673224480505,-4.32794189453125,ok,no_face
7400,baseline,43,wrong_patch,complete,22.759728168307866,0.7198427327288707,0.2995244264602661,0.9426394701004028,,0.15412721037864685,0.04673528234943066,4.60001213973462,-4.65997314453125,ok,no_face
7400,regional_v1,17,clean,complete,23.37339506148737,0.6987150605213296,0.34324780106544495,0.8969082236289978,,0.1549573689699173,0.044799370859183514,4.599978091871574,-13.39337158203125,ok,no_face
7400,regional_v1,17,wrong_patch,complete,23.362973486143442,0.7009811243873137,0.34182748198509216,0.9108123779296875,,0.1498958021402359,0.044811892041973035,4.437766833275605,-13.11358642578125,ok,no_face
7400,regional_v1,29,clean,complete,24.44124218393856,0.7109016111087765,0.3750437796115875,0.9245284795761108,,0.17680999636650085,0.037177964752795646,4.907963527473007,-3.29766845703125,ok,no_face
7400,regional_v1,29,wrong_patch,complete,24.381593816821745,0.7114991754532959,0.37536200881004333,0.9171621203422546,,0.17714160680770874,0.03754838432361877,5.033889864951908,-3.52618408203125,ok,no_face
7400,regional_v1,43,clean,complete,22.66346972239665,0.7193397153595822,0.3017754554748535,0.9410824775695801,,0.1678459644317627,0.04712316475662531,4.504597930229481,-4.72149658203125,ok,no_face
7400,regional_v1,43,wrong_patch,complete,22.725688413904116,0.7204300077387806,0.299873948097229,0.9285285472869873,,0.14974264800548553,0.04695165796217576,4.4918872390039954,-4.89483642578125,ok,no_face
7400,diffusion,17,clean,complete,23.334249308901956,0.6983421072456247,0.34517166018486023,0.9136539697647095,,0.15672092139720917,0.044942439459507766,4.514977189010682,-13.53448486328125,ok,no_face
7400,diffusion,17,wrong_patch,complete,23.391994674902428,0.700701076535511,0.3412698209285736,0.8886659145355225,,0.15030156075954437,0.044671087327346294,4.363146656990097,-12.60772705078125,ok,no_face
7400,diffusion,29,clean,complete,24.4331563485486,0.7105276623783607,0.3729490637779236,0.9239656925201416,,0.1864130198955536,0.03712348190008425,4.973945824469339,-3.37628173828125,ok,no_face
7400,diffusion,29,wrong_patch,complete,24.374682111885477,0.7102384928719964,0.37515538930892944,0.9156632423400879,,0.17751875519752502,0.03748173931844873,5.188182652678073,-4.09014892578125,ok,no_face
7400,diffusion,43,clean,complete,22.681550404754525,0.7203953130535659,0.30140867829322815,0.9271993637084961,,0.16186071932315826,0.047071683796402676,4.613745952392492,-4.24346923828125,ok,no_face
7400,diffusion,43,wrong_patch,complete,22.690023606418016,0.7204552334060229,0.3002175986766815,0.9352638721466064,,0.1544380933046341,0.04705185235715379,4.641564578183919,-4.52423095703125,ok,no_face
7400,identity,17,clean,complete,23.344208394050348,0.6982876450484762,0.3469497561454773,0.8942705988883972,,0.15422818064689636,0.04488467546849469,4.4426576594443805,-13.06427001953125,ok,no_face
7400,identity,17,wrong_patch,complete,23.38734604256015,0.6998274335495279,0.3468044698238373,0.9048320651054382,,0.15327268838882446,0.04479043000663807,4.33946869150164,-13.10137939453125,ok,no_face
7400,identity,29,clean,complete,24.42107429769051,0.7105638650138487,0.3741641044616699,0.918907880783081,,0.17921504378318787,0.03717647876614839,5.065792580692091,-3.10235595703125,ok,no_face
7400,identity,29,wrong_patch,complete,24.3768282846992,0.7106303242413501,0.3750087022781372,0.912300705909729,,0.1731628030538559,0.03744905259874132,5.020338303927681,-3.88262939453125,ok,no_face
7400,identity,43,clean,complete,22.673621175635112,0.7192614531636182,0.3032931983470917,0.9351778030395508,,0.15919129550457,0.04711987863179126,4.650044492901929,-4.76641845703125,ok,no_face
7400,identity,43,wrong_patch,complete,22.761194443951638,0.7199670395220666,0.30073440074920654,0.9396181106567383,,0.14942456781864166,0.04670543296664368,4.6454696662512145,-4.84552001953125,ok,no_face
10149,baseline,17,clean,complete,23.92802672230014,0.5760565950288352,0.24392357468605042,0.913082480430603,,0.08255063742399216,0.04345010994306577,5.369535751524696,-12.97833251953125,ok,no_face
10149,baseline,17,wrong_patch,complete,23.934634970700085,0.5724367056048638,0.2457069754600525,0.9002737998962402,,0.08297772705554962,0.04363523994395935,5.279183250323481,-12.85186767578125,ok,no_face
10149,baseline,29,clean,complete,23.063081259866323,0.5412735586951505,0.2697053849697113,0.8991639614105225,0.8205857276916504,0.09823019802570343,0.04920916588477839,5.163365167677933,-12.62139892578125,ok,ok
10149,baseline,29,wrong_patch,complete,23.189121966191486,0.5423723966033741,0.2697201073169708,0.8866369724273682,0.8192124366760254,0.09431447088718414,0.048478673797806876,5.3986250205654285,-11.41046142578125,ok,ok
10149,baseline,43,clean,complete,23.19359334663131,0.5609196218672583,0.2510501444339752,0.930016040802002,0.8297154903411865,0.10898824036121368,0.051072274002374386,5.747269227893392,-16.42559814453125,ok,ok
10149,baseline,43,wrong_patch,complete,23.226094747967192,0.5588070849657275,0.25399449467658997,0.9064158201217651,0.828010082244873,0.1025957316160202,0.05103155397901348,5.851294792761603,-16.13262939453125,ok,ok
10149,regional_v1,17,clean,complete,23.924451090211917,0.576664028396046,0.24275022745132446,0.9060871601104736,,0.08107762783765793,0.043397487066929634,5.293035809800318,-13.18927001953125,ok,no_face
10149,regional_v1,17,wrong_patch,complete,23.915898366651362,0.5724130518873314,0.24657109379768372,0.8964632749557495,,0.08463829755783081,0.043686920365476924,5.334355829646296,-12.26739501953125,ok,no_face
10149,regional_v1,29,clean,complete,23.07595590337941,0.5409309621296131,0.26936569809913635,0.9049756526947021,0.8287514448165894,0.09802903980016708,0.04914704865100337,5.258333584743798,-12.92852783203125,ok,ok
10149,regional_v1,29,wrong_patch,complete,23.190358346585576,0.5422738260320693,0.26937851309776306,0.8950693607330322,0.815760612487793,0.08806341141462326,0.048532124438317004,5.4180068586368115,-11.89141845703125,ok,ok
10149,regional_v1,43,clean,complete,23.202280940859524,0.5598082343024899,0.24971331655979156,0.9232585430145264,0.8310654163360596,0.10533880442380905,0.05109275867736418,5.763721668414404,-16.38262939453125,ok,ok
10149,regional_v1,43,wrong_patch,complete,23.214852167554746,0.5584898688697236,0.25257810950279236,0.9210222959518433,0.8371772766113281,0.10046238452196121,0.05109219021267361,5.856985316036638,-15.79083251953125,ok,ok
10149,diffusion,17,clean,complete,23.91249426852476,0.5758855320395012,0.24495092034339905,0.9038823246955872,,0.08211421221494675,0.0434598386677262,5.315191115585396,-12.76983642578125,ok,no_face
10149,diffusion,17,wrong_patch,complete,23.953934363336053,0.573799242218304,0.24717962741851807,0.8969559669494629,,0.08546242862939835,0.0434307621974571,5.375384457187715,-12.40606689453125,ok,no_face
10149,diffusion,29,clean,complete,23.083538745883196,0.5424783959574933,0.2696937918663025,0.8779735565185547,0.8095816373825073,0.0962057113647461,0.04905585494695925,5.079389660422746,-12.48516845703125,ok,ok
10149,diffusion,29,wrong_patch,complete,23.175357410294176,0.5410707310091281,0.2698661684989929,0.9026859998703003,0.8284353017807007,0.09189233183860779,0.048587056078942,5.340406180120228,-11.44561767578125,ok,ok
10149,diffusion,43,clean,complete,23.205659702944857,0.5619056103334895,0.2504503130912781,0.9331824779510498,0.8260495662689209,0.10632804036140442,0.05084673812965942,5.800293058898161,-16.65948486328125,ok,ok
10149,diffusion,43,wrong_patch,complete,23.206945142082958,0.5580898784986962,0.2528092861175537,0.889898955821991,0.8355687856674194,0.09936828911304474,0.05117332608092065,5.944822971829065,-16.04766845703125,ok,ok
10149,identity,17,clean,complete,23.92630971172357,0.575917843661297,0.2437327802181244,0.9133887887001038,,0.07883141189813614,0.043298933241102434,5.217905017706963,-13.30548095703125,ok,no_face
10149,identity,17,wrong_patch,complete,23.94026310731297,0.5728580432093725,0.24627622961997986,0.8944427967071533,,0.08435781300067902,0.04354065539790134,5.330655832314775,-12.42169189453125,ok,no_face
10149,identity,29,clean,complete,23.069945524696926,0.5413556305668179,0.268695592880249,0.907680094242096,0.8072992563247681,0.10034202039241791,0.04908837711109834,5.220591456635907,-12.45196533203125,ok,ok
10149,identity,29,wrong_patch,complete,23.1873176365891,0.5421206481584618,0.2694041430950165,0.9019808769226074,0.8318772912025452,0.09597063064575195,0.04848856209150326,5.380119014769506,-11.26593017578125,ok,ok
10149,identity,43,clean,complete,23.199606215504854,0.5595202592414217,0.2510792911052704,0.9307146072387695,0.8307762145996094,0.10907342284917831,0.05100064745136335,5.832423985748878,-16.70587158203125,ok,ok
10149,identity,43,wrong_patch,complete,23.219900536808062,0.5582292138445839,0.25297844409942627,0.9120479822158813,0.8323482275009155,0.09913187474012375,0.05104887220594618,5.774325695713701,-16.14385986328125,ok,ok
