case_id,identity,seed,mode,generation_status,evaluation_status,facenet_cosine,facenet_gallery_cosine,arcface_conditioning_cosine,arcface_conditioning_gallery_cosine,lpips,ssim_rgb,psnr_rgb,hole_psnr,hole_mae,visible_mae,niqe,brisque,structure_nme
1306_removal,1306,17,candidate,failed,failed,,,,,,,,,,,,,
1306_removal,1306,17,single_reference,failed,failed,,,,,,,,,,,,,
1306_removal,1306,17,wrong_identity,failed,failed,,,,,,,,,,,,,
1306_removal,1306,17,scaffold,complete,complete,0.7999691963195801,0.13128725190957388,0.6891783475875854,-0.05640918513139089,0.02513827569782734,0.9703692449437747,30.01766079164735,18.59320148972291,0.07168630496751408,0.0,4.997871114628976,18.53436279296875,0.03139364084026743
1306_removal,1306,17,reference_context,complete,complete,0.8187888860702515,0.2023917535940806,0.6596369743347168,-0.008776367331544558,0.030020739883184433,0.9649787212167903,29.67212432128411,18.247665019359665,0.07523677408547264,0.0,4.698019797861469,13.47967529296875,0.02903602399377494
1306_removal,1306,17,reference,complete,complete,0.8296009302139282,0.2260542263587316,0.7149895429611206,-0.02218478173017502,0.030231736600399017,0.9640836620201858,29.694405655603767,18.269946353679323,0.07544845517109618,0.0,4.612653066223896,13.90106201171875,0.026853352772068476
1306_removal,1306,17,refface,complete,complete,0.5779724717140198,0.2515282481908798,0.5771119594573975,0.10139252245426178,0.044624801725149155,0.9629161724502585,28.899002136518988,17.474542834594548,0.08948835200252522,0.0,5.029058014662468,18.42352294921875,0.0413000504364313
1306_removal,1306,17,observed,complete,complete,0.6117864847183228,0.16961347311735153,,,0.10816281288862228,0.9488300442739089,23.57856359158867,12.154104289664227,0.1976220142791283,0.0,5.164115203747766,18.57000732421875,
1306_removal,1306,29,candidate,failed,failed,,,,,,,,,,,,,
1306_removal,1306,29,single_reference,failed,failed,,,,,,,,,,,,,
1306_removal,1306,29,wrong_identity,failed,failed,,,,,,,,,,,,,
1306_removal,1306,29,scaffold,complete,complete,0.7878944873809814,0.1558928738037745,0.7065943479537964,-0.01023884459088246,0.02571503445506096,0.9707238554732077,30.4539294807444,19.029470178819956,0.06915485392066874,0.0,4.999250385782214,18.21649169921875,0.027914927193096455
1306_removal,1306,29,reference_context,complete,complete,0.8301188349723816,0.30411291122436523,0.7581304907798767,0.02609079082806905,0.02836119383573532,0.9653269870272948,29.709940286040897,18.285480984116454,0.07555138838702889,0.0,4.530794874882089,13.26971435546875,0.02642948664744004
1306_removal,1306,29,reference,complete,complete,0.8369396924972534,0.31668607393900555,0.7672722339630127,0.01676074229180813,0.02899676188826561,0.9645368860483022,29.791587299825927,18.367127997901484,0.07547212911854002,0.0,4.49405480879955,14.03973388671875,0.027118362196659914
1306_removal,1306,29,refface,complete,complete,0.5779724717140198,0.2515282481908798,0.5771119594573975,0.10139252245426178,0.044624801725149155,0.9629161724502585,28.899002136518988,17.474542834594548,0.08948835200252522,0.0,5.029058014662468,18.42352294921875,0.0413000504364313
1306_removal,1306,29,observed,complete,complete,0.6117864847183228,0.16961347311735153,,,0.10816281288862228,0.9488300442739089,23.57856359158867,12.154104289664227,0.1976220142791283,0.0,5.164115203747766,18.57000732421875,
2790_removal,2790,17,candidate,failed,failed,,,,,,,,,,,,,
2790_removal,2790,17,single_reference,failed,failed,,,,,,,,,,,,,
2790_removal,2790,17,wrong_identity,failed,failed,,,,,,,,,,,,,
2790_removal,2790,17,scaffold,complete,complete,0.7220374345779419,0.5548599362373352,0.7446497678756714,0.4034894605477651,0.03201804310083389,0.9706195745892932,32.01312563172525,20.262075777409514,0.06872267670865256,0.0,4.469959758095997,13.48065185546875,0.016077029468035
2790_removal,2790,17,reference_context,complete,complete,0.7646010518074036,0.6365416844685873,0.7386289238929749,0.4172982374827067,0.03343620151281357,0.9688750473447904,31.889427644991308,20.13837779067557,0.06881006646397617,0.0,4.57474024463063,12.84002685546875,0.017613403362323705
2790_removal,2790,17,reference,complete,complete,0.7975894212722778,0.6487030784289042,0.7327113151550293,0.40706268946329754,0.03298746794462204,0.9669807922954621,31.59506639964148,19.844016545325744,0.07196617247797345,0.0,4.484520686544973,12.85223388671875,0.01689583498513408
2790_removal,2790,17,refface,complete,complete,0.5061113834381104,0.44778819878896076,0.6057343482971191,0.35257862011591595,0.04633300378918648,0.9615767299174172,29.61458941769573,17.863539563379994,0.09814182961758959,0.0,4.483607116532576,13.16766357421875,0.053036895272701376
2790_removal,2790,17,observed,complete,complete,0.5120275020599365,0.25058992703755695,0.715548038482666,0.4190394679705302,0.09826748073101044,0.9521007292716176,24.46593194857746,12.714882094261723,0.18727684268500733,0.0,5.013179832224612,12.61883544921875,0.05062144347946054
2790_removal,2790,29,candidate,failed,failed,,,,,,,,,,,,,
2790_removal,2790,29,single_reference,failed,failed,,,,,,,,,,,,,
2790_removal,2790,29,wrong_identity,failed,failed,,,,,,,,,,,,,
2790_removal,2790,29,scaffold,complete,complete,0.7373404502868652,0.6185267368952433,0.7530657052993774,0.4134243329366048,0.03151099383831024,0.9725654500864885,32.55247817697168,20.80142832265595,0.06355235250833224,0.0,4.463882449087183,13.42694091796875,0.01625525217328276
2790_removal,2790,29,reference_context,complete,complete,0.767796516418457,0.6206946770350138,0.7733115553855896,0.4223198692003886,0.03269680589437485,0.9699337244301409,32.086479614183745,20.335429759868013,0.06641852752366838,0.0,4.60767043715876,12.46356201171875,0.012504809271805802
2790_removal,2790,29,reference,complete,complete,0.7876321077346802,0.6865663528442383,0.7710959911346436,0.44208507736523944,0.03375210613012314,0.9689644666455347,32.082578707240266,20.331528852924524,0.06727533519307091,0.0,4.403265716076426,12.04022216796875,0.011798511016425341
2790_removal,2790,29,refface,complete,complete,0.5061113834381104,0.44778819878896076,0.6057343482971191,0.35257862011591595,0.04633300378918648,0.9615767299174172,29.61458941769573,17.863539563379994,0.09814182961758959,0.0,4.483607116532576,13.16766357421875,0.053036895272701376
2790_removal,2790,29,observed,complete,complete,0.5120275020599365,0.25058992703755695,0.715548038482666,0.4190394679705302,0.09826748073101044,0.9521007292716176,24.46593194857746,12.714882094261723,0.18727684268500733,0.0,5.013179832224612,12.61883544921875,0.05062144347946054
1043_removal,1043,17,candidate,failed,failed,,,,,,,,,,,,,
1043_removal,1043,17,single_reference,failed,failed,,,,,,,,,,,,,
1043_removal,1043,17,wrong_identity,failed,failed,,,,,,,,,,,,,
1043_removal,1043,17,scaffold,complete,complete,0.767890453338623,0.6185558438301086,0.6961172819137573,0.49102145433425903,0.020505541935563087,0.9764819461744892,32.02965256241336,19.672392855470402,0.06503486782661075,0.0,3.730530008921626,-14.58966064453125,0.012826982275672265
1043_removal,1043,17,reference_context,complete,complete,0.8223798274993896,0.6399956941604614,0.7476304173469543,0.536321739355723,0.015844272449612617,0.9757636922506253,32.36136576668076,20.004106059737808,0.06954001240774635,0.0,3.7314607603412155,-14.56329345703125,0.010610208022913969
1043_removal,1043,17,reference,complete,complete,0.8040212392807007,0.6188388268152872,0.73492830991745,0.5253232518831888,0.017820093780755997,0.9732832064392772,31.659094904395552,19.301835197452597,0.07829099168440734,0.0,3.503227440049419,-14.30792236328125,0.011033422330323254
1043_removal,1043,17,refface,complete,complete,0.44088518619537354,0.3302759826183319,0.58831787109375,0.3835776448249817,0.043046534061431885,0.9653674772890183,28.408224062047744,16.050964355104792,0.1132192266867799,0.0,3.638202512343564,-13.95391845703125,0.024538869038768597
1043_removal,1043,17,observed,complete,complete,0.3167853355407715,0.12955826272567114,0.6346644759178162,0.4056578775246938,0.09483683109283447,0.9566766052114174,23.182882436773223,10.825622729830265,0.23075791079636968,0.0,3.898242292087963,-10.55841064453125,0.08757132407312407
1043_removal,1043,29,candidate,failed,failed,,,,,,,,,,,,,
1043_removal,1043,29,single_reference,failed,failed,,,,,,,,,,,,,
1043_removal,1043,29,wrong_identity,failed,failed,,,,,,,,,,,,,
1043_removal,1043,29,scaffold,complete,complete,0.7547142505645752,0.6692219177881876,0.7131590843200684,0.5254317919413248,0.021995794028043747,0.9760957270861311,31.955282138275848,19.598022431332897,0.0670341796514676,0.0,3.7438063625130504,-14.38653564453125,0.010061598316103456
1043_removal,1043,29,reference_context,complete,complete,0.8132233619689941,0.6766722202301025,0.7515591382980347,0.5470409790674845,0.015344330109655857,0.9744407717060236,32.03751028855434,19.68025058161138,0.07013139683250658,0.0,3.7500501872756677,-14.60284423828125,0.011160089824872049
1043_removal,1043,29,reference,complete,complete,0.7938787341117859,0.6619647741317749,0.728302538394928,0.5367235143979391,0.01519736833870411,0.9736402638455899,31.75977644927245,19.402516742329496,0.07366400063154228,0.0,3.653429209946237,-14.22882080078125,0.010195301977519146
1043_removal,1043,29,refface,complete,complete,0.44088518619537354,0.3302759826183319,0.58831787109375,0.3835776448249817,0.043046534061431885,0.9653674772890183,28.408224062047744,16.050964355104792,0.1132192266867799,0.0,3.638202512343564,-13.95391845703125,0.024538869038768597
1043_removal,1043,29,observed,complete,complete,0.3167853355407715,0.12955826272567114,0.6346644759178162,0.4056578775246938,0.09483683109283447,0.9566766052114174,23.182882436773223,10.825622729830265,0.23075791079636968,0.0,3.898242292087963,-10.55841064453125,0.08757132407312407
787_removal,787,17,candidate,failed,failed,,,,,,,,,,,,,
787_removal,787,17,single_reference,failed,failed,,,,,,,,,,,,,
787_removal,787,17,wrong_identity,failed,failed,,,,,,,,,,,,,
787_removal,787,17,scaffold,complete,complete,0.6162241101264954,0.2954097588857015,0.618732750415802,0.3063851594924927,0.022951658815145493,0.9784008472937783,35.760462987327976,23.38663694661742,0.04735805761418958,0.0,5.6994478577273044,21.61541748046875,0.022965005634821394
787_removal,787,17,reference_context,complete,complete,0.7017755508422852,0.32744131485621136,0.6861236095428467,0.38567760586738586,0.02974417619407177,0.9750177751155441,35.64969475890337,23.275868718192815,0.048567225168049996,0.0,4.779107682256275,18.32928466796875,0.02016907449892052
787_removal,787,17,reference,complete,complete,0.6693231463432312,0.33000434438387555,0.688809871673584,0.3975367446740468,0.03160547837615013,0.9737577157700894,35.12463605158127,22.750810010870715,0.05286735850551783,0.0,4.493155022997058,17.62518310546875,0.019803592574215514
787_removal,787,17,refface,complete,complete,0.5533460378646851,0.35085779428482056,0.5477481484413147,0.29474735260009766,0.0411614328622818,0.9736808788999615,33.10692291486631,20.733096874155756,0.06837740016055623,0.0,5.453012693952145,21.85711669921875,0.03666846678052542
787_removal,787,17,observed,complete,complete,,,,,0.0938347578048706,0.9625932845716129,25.89043173879854,13.516605698087984,0.17248984464634562,0.0,5.702208573685743,23.56756591796875,
787_removal,787,29,candidate,failed,failed,,,,,,,,,,,,,
787_removal,787,29,single_reference,failed,failed,,,,,,,,,,,,,
787_removal,787,29,wrong_identity,failed,failed,,,,,,,,,,,,,
787_removal,787,29,scaffold,complete,complete,0.7458428144454956,0.34031424423058826,0.5781614780426025,0.27816430230935413,0.023384643718600273,0.9770414887242186,35.46926352439774,23.09543748368718,0.048774466736264,0.0,5.706975783293827,21.46307373046875,0.02684879784476255
787_removal,787,29,reference_context,complete,complete,0.7328449487686157,0.4032682180404663,0.5542693138122559,0.2747443914413452,0.03143307939171791,0.9725669701135352,34.73200844709935,22.3581824063888,0.053649122625680036,0.0,5.117562290232923,18.63201904296875,0.030973371877919712
787_removal,787,29,reference,complete,complete,0.728932797908783,0.3518596688906352,0.5540555119514465,0.27108235160509747,0.03457560017704964,0.9718577430595987,34.54009099628356,22.166264955573006,0.05503219738079733,0.0,4.544283228703515,18.02606201171875,0.028117301914118348
787_removal,787,29,refface,complete,complete,0.5533460378646851,0.35085779428482056,0.5477481484413147,0.29474735260009766,0.0411614328622818,0.9736808788999615,33.10692291486631,20.733096874155756,0.06837740016055623,0.0,5.453012693952145,21.85711669921875,0.03666846678052542
787_removal,787,29,observed,complete,complete,,,,,0.0938347578048706,0.9625932845716129,25.89043173879854,13.516605698087984,0.17248984464634562,0.0,5.702208573685743,23.56756591796875,
