hq_id,identity,condition,method,gpu_forward_seconds,hole_mae,hole_psnr,visible_mae,missed_mae,overcovered_mae,true_fraction,mask_fp_fraction,mask_fn_fraction
16194,1089,accurate,input_unchanged,0.0,0.2690242826938629,9.483370876914003,0.0,,,0.08660888671875,0.0,0.0
16194,1089,accurate,exact_mask_diagnostic,0.02415659998951014,0.0564919076859951,21.174763694289847,0.0,,,0.08660888671875,0.0,0.0
16194,1089,accurate,supplied_mask,0.02415659998951014,0.0564919076859951,21.174763694289847,0.0,,,0.08660888671875,0.0,0.0
16194,1089,accurate,dilate_4px,0.020748199996887706,0.09184268116950989,16.966486356752014,0.0010302417213097215,,,0.08660888671875,0.0,0.0
16194,1089,under_4px,input_unchanged,0.0,0.2690242826938629,9.483370876914003,0.0,0.2370268553495407,,0.08660888671875,0.0,0.017578125
16194,1089,under_4px,exact_mask_diagnostic,0.02415659998951014,0.0564919076859951,21.174763694289847,0.0,0.04356076940894127,,0.08660888671875,0.0,0.017578125
16194,1089,under_4px,supplied_mask,0.02507309999782592,0.2441364973783493,10.12308607556173,0.0,0.2370268553495407,,0.08660888671875,0.0,0.017578125
16194,1089,under_4px,dilate_4px,0.03349129999696743,0.0564919076859951,21.174763694289847,0.0,0.04356076940894127,,0.08660888671875,0.0,0.017578125
16194,1089,over_4px,input_unchanged,0.0,0.2690242826938629,9.483370876914003,0.0,,0.0,0.08660888671875,0.01953125,0.0
16194,1089,over_4px,exact_mask_diagnostic,0.02415659998951014,0.0564919076859951,21.174763694289847,0.0,,0.0,0.08660888671875,0.01953125,0.0
16194,1089,over_4px,supplied_mask,0.021094600000651553,0.09184268116950989,16.966486356752014,0.0010302417213097215,,0.048179902136325836,0.08660888671875,0.01953125,0.0
16194,1089,over_4px,dilate_4px,0.022817899996880442,0.07786159217357635,18.305597488330786,0.0024486584588885307,,0.07333563268184662,0.08660888671875,0.01953125,0.0
16194,1089,shift_8px,input_unchanged,0.0,0.2690242826938629,9.483370876914003,0.0,0.24305367469787598,0.0,0.08660888671875,0.010498046875,0.010498046875
16194,1089,shift_8px,exact_mask_diagnostic,0.02415659998951014,0.0564919076859951,21.174763694289847,0.0,0.061172112822532654,0.0,0.08660888671875,0.010498046875,0.010498046875
16194,1089,shift_8px,supplied_mask,0.02267089999804739,0.1352258026599884,13.894501916460257,0.0004482085641939193,0.24305367469787598,0.038996752351522446,0.08660888671875,0.010498046875,0.010498046875
16194,1089,shift_8px,dilate_4px,0.02257659999304451,0.11980751901865005,15.295681425756351,0.002944623352959752,0.22983421385288239,0.14630241692066193,0.08660888671875,0.010498046875,0.010498046875
13068,3547,accurate,input_unchanged,0.0,0.2489376664161682,10.33748365148779,0.0,,,0.10638427734375,0.0,0.0
13068,3547,accurate,exact_mask_diagnostic,0.022470300013083033,0.07956711947917938,18.334445813339684,0.0,,,0.10638427734375,0.0,0.0
13068,3547,accurate,supplied_mask,0.022470300013083033,0.07956711947917938,18.334445813339684,0.0,,,0.10638427734375,0.0,0.0
13068,3547,accurate,dilate_4px,0.022564500002772547,0.08977635204792023,17.88617505468556,0.0010621390538290143,,,0.10638427734375,0.0,0.0
13068,3547,under_4px,input_unchanged,0.0,0.2489376664161682,10.33748365148779,0.0,0.24389465153217316,,0.10638427734375,0.0,0.0194091796875
13068,3547,under_4px,exact_mask_diagnostic,0.022470300013083033,0.07956711947917938,18.334445813339684,0.0,0.03657596930861473,,0.10638427734375,0.0,0.0194091796875
13068,3547,under_4px,supplied_mask,0.022221899998839945,0.2558973729610443,9.804119363712045,0.0,0.24389465153217316,,0.10638427734375,0.0,0.0194091796875
13068,3547,under_4px,dilate_4px,0.022560600002179854,0.07956711947917938,18.334445813339684,0.0,0.03657596930861473,,0.10638427734375,0.0,0.0194091796875
13068,3547,over_4px,input_unchanged,0.0,0.2489376664161682,10.33748365148779,0.0,,0.0,0.10638427734375,0.0213623046875,0.0
13068,3547,over_4px,exact_mask_diagnostic,0.022470300013083033,0.07956711947917938,18.334445813339684,0.0,,0.0,0.10638427734375,0.0213623046875,0.0
13068,3547,over_4px,supplied_mask,0.023972700000740588,0.08977635204792023,17.88617505468556,0.0010621390538290143,,0.04443079233169556,0.10638427734375,0.0213623046875,0.0
13068,3547,over_4px,dilate_4px,0.026601200006552972,0.08116559684276581,18.811808671922236,0.0026029448490589857,,0.058760691434144974,0.10638427734375,0.0213623046875,0.0
13068,3547,shift_8px,input_unchanged,0.0,0.2489376664161682,10.33748365148779,0.0,0.21558980643749237,0.0,0.10638427734375,0.0101318359375,0.0101318359375
13068,3547,shift_8px,exact_mask_diagnostic,0.022470300013083033,0.07956711947917938,18.334445813339684,0.0,0.05951835587620735,0.0,0.10638427734375,0.0101318359375,0.0101318359375
13068,3547,shift_8px,supplied_mask,0.021929099995759316,0.15874579548835754,13.683855002000655,0.000626188877504319,0.21558980643749237,0.055229105055332184,0.10638427734375,0.0101318359375,0.0101318359375
13068,3547,shift_8px,dilate_4px,0.02604349999455735,0.12880124151706696,15.639658802106247,0.0017129277111962438,0.21603764593601227,0.07054565846920013,0.10638427734375,0.0101318359375,0.0101318359375
4322,480,accurate,input_unchanged,0.0,0.2424054592847824,10.70155872499985,0.0,,,0.1676788330078125,0.0,0.0
4322,480,accurate,exact_mask_diagnostic,0.02653420000569895,0.07741802930831909,19.016561641298836,0.0,,,0.1676788330078125,0.0,0.0
4322,480,accurate,supplied_mask,0.02653420000569895,0.07741802930831909,19.016561641298836,0.0,,,0.1676788330078125,0.0,0.0
4322,480,accurate,dilate_4px,0.023702299993601628,0.09566719084978104,17.467037861569143,0.0014265627833083272,,,0.1676788330078125,0.0,0.0
4322,480,under_4px,input_unchanged,0.0,0.2424054592847824,10.70155872499985,0.0,0.24199184775352478,,0.1676788330078125,0.0,0.024658203125
4322,480,under_4px,exact_mask_diagnostic,0.02653420000569895,0.07741802930831909,19.016561641298836,0.0,0.038036346435546875,,0.1676788330078125,0.0,0.024658203125
4322,480,under_4px,supplied_mask,0.020370099999126978,0.17941638827323914,13.102898291058523,0.0,0.24199184775352478,,0.1676788330078125,0.0,0.024658203125
4322,480,under_4px,dilate_4px,0.024169299998902716,0.07741802930831909,19.016561641298836,0.0,0.038036346435546875,,0.1676788330078125,0.0,0.024658203125
4322,480,over_4px,input_unchanged,0.0,0.2424054592847824,10.70155872499985,0.0,,0.0,0.1676788330078125,0.026611328125,0.0
4322,480,over_4px,exact_mask_diagnostic,0.02653420000569895,0.07741802930831909,19.016561641298836,0.0,,0.0,0.1676788330078125,0.026611328125,0.0
4322,480,over_4px,supplied_mask,0.021974500006763265,0.09566719084978104,17.467037861569143,0.0014265627833083272,,0.04461853206157684,0.1676788330078125,0.026611328125,0.0
4322,480,over_4px,dilate_4px,0.025334600009955466,0.09230887144804001,17.709397901236677,0.003920037765055895,,0.07890580594539642,0.1676788330078125,0.026611328125,0.0
4322,480,shift_8px,input_unchanged,0.0,0.2424054592847824,10.70155872499985,0.0,0.23249652981758118,0.0,0.1676788330078125,0.0120849609375,0.0120849609375
4322,480,shift_8px,exact_mask_diagnostic,0.02653420000569895,0.07741802930831909,19.016561641298836,0.0,0.05537205934524536,0.0,0.1676788330078125,0.0120849609375,0.0120849609375
4322,480,shift_8px,supplied_mask,0.02146309999807272,0.1170341894030571,15.540528573988055,0.0005855243070982397,0.23249652981758118,0.04032650589942932,0.1676788330078125,0.0120849609375,0.0120849609375
4322,480,shift_8px,dilate_4px,0.023801999996067025,0.12263233959674835,15.630889140699525,0.002772239036858082,0.20288480818271637,0.10009374469518661,0.1676788330078125,0.0120849609375,0.0120849609375
7200,780,accurate,input_unchanged,0.0,0.19922034442424774,12.031687321929914,0.0,,,0.148895263671875,0.0,0.0
7200,780,accurate,exact_mask_diagnostic,0.022308800005703233,0.07345255464315414,19.322511955958376,0.0,,,0.148895263671875,0.0,0.0
7200,780,accurate,supplied_mask,0.022308800005703233,0.07345255464315414,19.322511955958376,0.0,,,0.148895263671875,0.0,0.0
7200,780,accurate,dilate_4px,0.021802200004458427,0.07106883823871613,19.584999992881972,0.0011960100382566452,,,0.148895263671875,0.0,0.0
7200,780,under_4px,input_unchanged,0.0,0.19922034442424774,12.031687321929914,0.0,0.22871077060699463,,0.148895263671875,0.0,0.0235595703125
7200,780,under_4px,exact_mask_diagnostic,0.022308800005703233,0.07345255464315414,19.322511955958376,0.0,0.040293045341968536,,0.148895263671875,0.0,0.0235595703125
7200,780,under_4px,supplied_mask,0.021529300007387064,0.17489832639694214,12.911501100947957,0.0,0.22871077060699463,,0.148895263671875,0.0,0.0235595703125
7200,780,under_4px,dilate_4px,0.024706299998797476,0.07345255464315414,19.322511955958376,0.0,0.040293045341968536,,0.148895263671875,0.0,0.0235595703125
7200,780,over_4px,input_unchanged,0.0,0.19922034442424774,12.031687321929914,0.0,,0.0,0.148895263671875,0.0255126953125,0.0
7200,780,over_4px,exact_mask_diagnostic,0.022308800005703233,0.07345255464315414,19.322511955958376,0.0,,0.0,0.148895263671875,0.0255126953125,0.0
7200,780,over_4px,supplied_mask,0.021726699997088872,0.07106883823871613,19.584999992881972,0.0011960100382566452,,0.03989895060658455,0.148895263671875,0.0255126953125,0.0
7200,780,over_4px,dilate_4px,0.022614099987549707,0.09195144474506378,17.514488494430257,0.0037569657433778048,,0.08439986407756805,0.148895263671875,0.0255126953125,0.0
7200,780,shift_8px,input_unchanged,0.0,0.19922034442424774,12.031687321929914,0.0,0.12664195895195007,0.0,0.148895263671875,0.010009765625,0.010009765625
7200,780,shift_8px,exact_mask_diagnostic,0.022308800005703233,0.07345255464315414,19.322511955958376,0.0,0.03575757518410683,0.0,0.148895263671875,0.010009765625,0.010009765625
7200,780,shift_8px,supplied_mask,0.02192710000963416,0.08165595680475235,18.710594338349694,0.0002522817230783403,0.12664195895195007,0.021450866013765335,0.148895263671875,0.010009765625,0.010009765625
7200,780,shift_8px,dilate_4px,0.029388000009930693,0.08330527693033218,18.573057894046464,0.0013113910099491477,0.11267395317554474,0.021560993045568466,0.148895263671875,0.010009765625,0.010009765625
22826,2723,accurate,input_unchanged,0.0,0.26473307609558105,9.583959567542887,0.0,,,0.141632080078125,0.0,0.0
22826,2723,accurate,exact_mask_diagnostic,0.022196999998413958,0.14946116507053375,13.669811547743683,0.0,,,0.141632080078125,0.0,0.0
22826,2723,accurate,supplied_mask,0.022196999998413958,0.14946116507053375,13.669811547743683,0.0,,,0.141632080078125,0.0,0.0
22826,2723,accurate,dilate_4px,0.02296580000256654,0.16035614907741547,13.312240334346107,0.000835910439491272,,,0.141632080078125,0.0,0.0
22826,2723,under_4px,input_unchanged,0.0,0.26473307609558105,9.583959567542887,0.0,0.27903640270233154,,0.141632080078125,0.0,0.0225830078125
22826,2723,under_4px,exact_mask_diagnostic,0.022196999998413958,0.14946116507053375,13.669811547743683,0.0,0.056918174028396606,,0.141632080078125,0.0,0.0225830078125
22826,2723,under_4px,supplied_mask,0.022513300005812198,0.24407139420509338,10.480801075889898,0.0,0.27903640270233154,,0.141632080078125,0.0,0.0225830078125
22826,2723,under_4px,dilate_4px,0.02679530000023078,0.14946116507053375,13.669811547743683,0.0,0.056918174028396606,,0.141632080078125,0.0,0.0225830078125
22826,2723,over_4px,input_unchanged,0.0,0.26473307609558105,9.583959567542887,0.0,,0.0,0.141632080078125,0.0245361328125,0.0
22826,2723,over_4px,exact_mask_diagnostic,0.022196999998413958,0.14946116507053375,13.669811547743683,0.0,,0.0,0.141632080078125,0.0245361328125,0.0
22826,2723,over_4px,supplied_mask,0.024930600004154257,0.16035614907741547,13.312240334346107,0.000835910439491272,,0.02924334816634655,0.141632080078125,0.0245361328125,0.0
22826,2723,over_4px,dilate_4px,0.024531999995815568,0.17804695665836334,12.286176747091513,0.002088556531816721,,0.04287273809313774,0.141632080078125,0.0245361328125,0.0
22826,2723,shift_8px,input_unchanged,0.0,0.26473307609558105,9.583959567542887,0.0,0.32551902532577515,0.0,0.141632080078125,0.012451171875,0.012451171875
22826,2723,shift_8px,exact_mask_diagnostic,0.022196999998413958,0.14946116507053375,13.669811547743683,0.0,0.1159689649939537,0.0,0.141632080078125,0.012451171875,0.012451171875
22826,2723,shift_8px,supplied_mask,0.024748099996941164,0.16370192170143127,13.049782130479082,0.0006143062491901219,0.32551902532577515,0.04234949126839638,0.141632080078125,0.012451171875,0.012451171875
22826,2723,shift_8px,dilate_4px,0.02482050000980962,0.17483118176460266,12.87126410159042,0.0013965833932161331,0.32218024134635925,0.0484372042119503,0.141632080078125,0.012451171875,0.012451171875
20364,1884,accurate,input_unchanged,0.0,0.27464696764945984,9.231097990123082,0.0,,,0.126220703125,0.0,0.0
20364,1884,accurate,exact_mask_diagnostic,0.02408030000515282,0.08844122290611267,16.970044252516075,0.0,,,0.126220703125,0.0,0.0
20364,1884,accurate,supplied_mask,0.02408030000515282,0.08844122290611267,16.970044252516075,0.0,,,0.126220703125,0.0,0.0
20364,1884,accurate,dilate_4px,0.022971100013819523,0.08865183591842651,17.256054784864045,0.0010021327761933208,,,0.126220703125,0.0,0.0
20364,1884,under_4px,input_unchanged,0.0,0.27464696764945984,9.231097990123082,0.0,0.31212905049324036,,0.126220703125,0.0,0.021240234375
20364,1884,under_4px,exact_mask_diagnostic,0.02408030000515282,0.08844122290611267,16.970044252516075,0.0,0.04669180512428284,,0.126220703125,0.0,0.021240234375
20364,1884,under_4px,supplied_mask,0.026172600002610125,0.28224268555641174,9.273667131975419,0.0,0.31212905049324036,,0.126220703125,0.0,0.021240234375
20364,1884,under_4px,dilate_4px,0.02558359999966342,0.08844122290611267,16.970044252516075,0.0,0.04669180512428284,,0.126220703125,0.0,0.021240234375
20364,1884,over_4px,input_unchanged,0.0,0.27464696764945984,9.231097990123082,0.0,,0.0,0.126220703125,0.023193359375,0.0
20364,1884,over_4px,exact_mask_diagnostic,0.02408030000515282,0.08844122290611267,16.970044252516075,0.0,,0.0,0.126220703125,0.023193359375,0.0
20364,1884,over_4px,supplied_mask,0.020602200005669147,0.08865183591842651,17.256054784864045,0.0010021327761933208,,0.037754032760858536,0.126220703125,0.023193359375,0.0
20364,1884,over_4px,dilate_4px,0.024747600007685833,0.10611468553543091,16.15966746161815,0.0024553504772484303,,0.05480409041047096,0.126220703125,0.023193359375,0.0
20364,1884,shift_8px,input_unchanged,0.0,0.27464696764945984,9.231097990123082,0.0,0.31793212890625,0.0,0.126220703125,0.011474609375,0.011474609375
20364,1884,shift_8px,exact_mask_diagnostic,0.02408030000515282,0.08844122290611267,16.970044252516075,0.0,0.07142715901136398,0.0,0.126220703125,0.011474609375,0.011474609375
20364,1884,shift_8px,supplied_mask,0.02320789999794215,0.1365547478199005,13.427346119560022,0.0006390398484654725,0.31793212890625,0.048662200570106506,0.126220703125,0.011474609375,0.011474609375
20364,1884,shift_8px,dilate_4px,0.022991799996816553,0.142903670668602,14.242815564708097,0.0014412128366529942,0.307518869638443,0.06081310659646988,0.126220703125,0.011474609375,0.011474609375
4511,577,accurate,input_unchanged,0.0,0.2838558256626129,9.5759403497316,0.0,,,0.1685943603515625,0.0,0.0
4511,577,accurate,exact_mask_diagnostic,0.021954600000754,0.06660041958093643,18.9041039949537,0.0,,,0.1685943603515625,0.0,0.0
4511,577,accurate,supplied_mask,0.021954600000754,0.06660041958093643,18.9041039949537,0.0,,,0.1685943603515625,0.0,0.0
4511,577,accurate,dilate_4px,0.023158299998613074,0.08979666978120804,17.69628910236619,0.001069544581696391,,,0.1685943603515625,0.0,0.0
4511,577,under_4px,input_unchanged,0.0,0.2838558256626129,9.5759403497316,0.0,0.26463451981544495,,0.1685943603515625,0.0,0.025146484375
4511,577,under_4px,exact_mask_diagnostic,0.021954600000754,0.06660041958093643,18.9041039949537,0.0,0.028574785217642784,,0.1685943603515625,0.0,0.025146484375
4511,577,under_4px,supplied_mask,0.021134900001925416,0.3144495189189911,9.00500428196525,0.0,0.26463451981544495,,0.1685943603515625,0.0,0.025146484375
4511,577,under_4px,dilate_4px,0.025166100007481873,0.06660041958093643,18.9041039949537,0.0,0.028574785217642784,,0.1685943603515625,0.0,0.025146484375
4511,577,over_4px,input_unchanged,0.0,0.2838558256626129,9.5759403497316,0.0,,0.0,0.1685943603515625,0.027099609375,0.0
4511,577,over_4px,exact_mask_diagnostic,0.021954600000754,0.06660041958093643,18.9041039949537,0.0,,0.0,0.1685943603515625,0.027099609375,0.0
4511,577,over_4px,supplied_mask,0.023255599997355603,0.08979666978120804,17.69628910236619,0.001069544581696391,,0.03281322121620178,0.1685943603515625,0.027099609375,0.0
4511,577,over_4px,dilate_4px,0.022056199988583103,0.12063460797071457,15.99983724012894,0.002819451969116926,,0.048939090222120285,0.1685943603515625,0.027099609375,0.0
4511,577,shift_8px,input_unchanged,0.0,0.2838558256626129,9.5759403497316,0.0,0.2453572303056717,0.0,0.1685943603515625,0.0106201171875,0.0106201171875
4511,577,shift_8px,exact_mask_diagnostic,0.021954600000754,0.06660041958093643,18.9041039949537,0.0,0.04821781814098358,0.0,0.1685943603515625,0.0106201171875,0.0106201171875
4511,577,shift_8px,supplied_mask,0.02283569998689927,0.10688763856887817,15.7552500654789,0.0008688164525665343,0.2453572303056717,0.06801609694957733,0.1685943603515625,0.0106201171875,0.0106201171875
4511,577,shift_8px,dilate_4px,0.02278640000440646,0.10785743594169617,16.114635707366528,0.0019893525168299675,0.24372923374176025,0.0950675755739212,0.1685943603515625,0.0106201171875,0.0106201171875
24054,1291,accurate,input_unchanged,0.0,0.23893049359321594,10.879190551198697,0.0,,,0.1772308349609375,0.0,0.0
24054,1291,accurate,exact_mask_diagnostic,0.025810199993429706,0.06606864929199219,20.269599827927326,0.0,,,0.1772308349609375,0.0,0.0
24054,1291,accurate,supplied_mask,0.025810199993429706,0.06606864929199219,20.269599827927326,0.0,,,0.1772308349609375,0.0,0.0
24054,1291,accurate,dilate_4px,0.02255660000082571,0.09076405316591263,17.90696797424564,0.0007021679193712771,,,0.1772308349609375,0.0,0.0
24054,1291,under_4px,input_unchanged,0.0,0.23893049359321594,10.879190551198697,0.0,0.30038732290267944,,0.1772308349609375,0.0,0.025390625
24054,1291,under_4px,exact_mask_diagnostic,0.025810199993429706,0.06606864929199219,20.269599827927326,0.0,0.021238822489976883,,0.1772308349609375,0.0,0.025390625
24054,1291,under_4px,supplied_mask,0.020506600005319342,0.24752414226531982,10.540521729916833,0.0,0.30038732290267944,,0.1772308349609375,0.0,0.025390625
24054,1291,under_4px,dilate_4px,0.023260799993295223,0.06606864929199219,20.269599827927326,0.0,0.021238822489976883,,0.1772308349609375,0.0,0.025390625
24054,1291,over_4px,input_unchanged,0.0,0.23893049359321594,10.879190551198697,0.0,,0.0,0.1772308349609375,0.02734375,0.0
24054,1291,over_4px,exact_mask_diagnostic,0.025810199993429706,0.06606864929199219,20.269599827927326,0.0,,0.0,0.1772308349609375,0.02734375,0.0
24054,1291,over_4px,supplied_mask,0.023861599998781458,0.09076405316591263,17.90696797424564,0.0007021679193712771,,0.021128123626112938,0.1772308349609375,0.02734375,0.0
24054,1291,over_4px,dilate_4px,0.025944100008928217,0.09533209353685379,17.90173395767628,0.0021848126780241728,,0.038990773260593414,0.1772308349609375,0.02734375,0.0
24054,1291,shift_8px,input_unchanged,0.0,0.23893049359321594,10.879190551198697,0.0,0.45511388778686523,0.0,0.1772308349609375,0.0123291015625,0.0123291015625
24054,1291,shift_8px,exact_mask_diagnostic,0.025810199993429706,0.06606864929199219,20.269599827927326,0.0,0.030922140926122665,0.0,0.1772308349609375,0.0123291015625,0.0123291015625
24054,1291,shift_8px,supplied_mask,0.02334030000201892,0.1240711659193039,14.602650841323081,0.0006037522107362747,0.45511388778686523,0.04029074311256409,0.1772308349609375,0.0123291015625,0.0123291015625
24054,1291,shift_8px,dilate_4px,0.02716280000458937,0.12408098578453064,14.970035128462813,0.001291015651077032,0.425930917263031,0.046257879585027695,0.1772308349609375,0.0123291015625,0.0123291015625
3824,3211,accurate,input_unchanged,0.0,0.3533315360546112,7.803536770413,0.0,,,0.065460205078125,0.0,0.0
3824,3211,accurate,exact_mask_diagnostic,0.022376199995051138,0.07352431118488312,17.127805396339653,0.0,,,0.065460205078125,0.0,0.0
3824,3211,accurate,supplied_mask,0.022376199995051138,0.07352431118488312,17.127805396339653,0.0,,,0.065460205078125,0.0,0.0
3824,3211,accurate,dilate_4px,0.02110720000928268,0.08031642436981201,16.64532655399007,0.000504644587635994,,,0.065460205078125,0.0,0.0
3824,3211,under_4px,input_unchanged,0.0,0.3533315360546112,7.803536770413,0.0,0.3500013053417206,,0.065460205078125,0.0,0.0150146484375
3824,3211,under_4px,exact_mask_diagnostic,0.022376199995051138,0.07352431118488312,17.127805396339653,0.0,0.022719677537679672,,0.065460205078125,0.0,0.0150146484375
3824,3211,under_4px,supplied_mask,0.024307400002726354,0.32491183280944824,8.455072763656554,0.0,0.3500013053417206,,0.065460205078125,0.0,0.0150146484375
3824,3211,under_4px,dilate_4px,0.02118049999990035,0.07352431118488312,17.127805396339653,0.0,0.022719677537679672,,0.065460205078125,0.0,0.0150146484375
3824,3211,over_4px,input_unchanged,0.0,0.3533315360546112,7.803536770413,0.0,,0.0,0.065460205078125,0.0169677734375,0.0
3824,3211,over_4px,exact_mask_diagnostic,0.022376199995051138,0.07352431118488312,17.127805396339653,0.0,,0.0,0.065460205078125,0.0169677734375,0.0
3824,3211,over_4px,supplied_mask,0.02601919999870006,0.08031642436981201,16.64532655399007,0.000504644587635994,,0.027794480323791504,0.065460205078125,0.0169677734375,0.0
3824,3211,over_4px,dilate_4px,0.025773799992748536,0.09214510023593903,15.199011786034388,0.0015939107397571206,,0.045778051018714905,0.065460205078125,0.0169677734375,0.0
3824,3211,shift_8px,input_unchanged,0.0,0.3533315360546112,7.803536770413,0.0,0.38185280561447144,0.0,0.065460205078125,0.008056640625,0.008056640625
3824,3211,shift_8px,exact_mask_diagnostic,0.022376199995051138,0.07352431118488312,17.127805396339653,0.0,0.015413540415465832,0.0,0.065460205078125,0.008056640625,0.008056640625
3824,3211,shift_8px,supplied_mask,0.021679800003767014,0.15329968929290771,12.721945813493685,0.0007679406553506851,0.38185280561447144,0.08907821774482727,0.065460205078125,0.008056640625,0.008056640625
3824,3211,shift_8px,dilate_4px,0.022103299997979775,0.20208245515823364,10.136436945079204,0.0025385448243469,0.4273196756839752,0.19367611408233643,0.065460205078125,0.008056640625,0.008056640625
21585,986,accurate,input_unchanged,0.0,0.18290966749191284,12.584383898188499,0.0,,,0.144744873046875,0.0,0.0
21585,986,accurate,exact_mask_diagnostic,0.023323599991272204,0.10400600731372833,16.47087267639956,0.0,,,0.144744873046875,0.0,0.0
21585,986,accurate,supplied_mask,0.023323599991272204,0.10400600731372833,16.47087267639956,0.0,,,0.144744873046875,0.0,0.0
21585,986,accurate,dilate_4px,0.023673300005611964,0.11078639328479767,15.959033006580263,0.0011871043825522065,,,0.144744873046875,0.0,0.0
21585,986,under_4px,input_unchanged,0.0,0.18290966749191284,12.584383898188499,0.0,0.18992170691490173,,0.144744873046875,0.0,0.0228271484375
21585,986,under_4px,exact_mask_diagnostic,0.023323599991272204,0.10400600731372833,16.47087267639956,0.0,0.035808999091386795,,0.144744873046875,0.0,0.0228271484375
21585,986,under_4px,supplied_mask,0.025639500003308058,0.15882183611392975,13.754583034490329,0.0,0.18992170691490173,,0.144744873046875,0.0,0.0228271484375
21585,986,under_4px,dilate_4px,0.025649400005931966,0.10400600731372833,16.47087267639956,0.0,0.035808999091386795,,0.144744873046875,0.0,0.0228271484375
21585,986,over_4px,input_unchanged,0.0,0.18290966749191284,12.584383898188499,0.0,,0.0,0.144744873046875,0.0247802734375,0.0
21585,986,over_4px,exact_mask_diagnostic,0.023323599991272204,0.10400600731372833,16.47087267639956,0.0,,0.0,0.144744873046875,0.0247802734375,0.0
21585,986,over_4px,supplied_mask,0.02216210000915453,0.11078639328479767,15.959033006580263,0.0011871043825522065,,0.040971189737319946,0.144744873046875,0.0247802734375,0.0
21585,986,over_4px,dilate_4px,0.02332330000353977,0.14795885980129242,13.915319711874456,0.0035081643145531416,,0.07265268266201019,0.144744873046875,0.0247802734375,0.0
21585,986,shift_8px,input_unchanged,0.0,0.18290966749191284,12.584383898188499,0.0,0.1820838302373886,0.0,0.144744873046875,0.012451171875,0.012451171875
21585,986,shift_8px,exact_mask_diagnostic,0.023323599991272204,0.10400600731372833,16.47087267639956,0.0,0.06341095268726349,0.0,0.144744873046875,0.012451171875,0.012451171875
21585,986,shift_8px,supplied_mask,0.02112449999549426,0.1382841020822525,14.37679217892118,0.0006950722890906036,0.1820838302373886,0.04774362966418266,0.144744873046875,0.012451171875,0.012451171875
21585,986,shift_8px,dilate_4px,0.02213960001245141,0.12179246544837952,15.754448055149053,0.0021443809382617474,0.17566798627376556,0.06940115988254547,0.144744873046875,0.012451171875,0.012451171875
4615,2002,accurate,input_unchanged,0.0,0.2597368359565735,10.191520234516434,0.0,,,0.141632080078125,0.0,0.0
4615,2002,accurate,exact_mask_diagnostic,0.021752000000560656,0.09817489981651306,16.35878306483972,0.0,,,0.141632080078125,0.0,0.0
4615,2002,accurate,supplied_mask,0.021752000000560656,0.09817489981651306,16.35878306483972,0.0,,,0.141632080078125,0.0,0.0
4615,2002,accurate,dilate_4px,0.024408800003584474,0.1114606037735939,15.48287427220087,0.0007622535340487957,,,0.141632080078125,0.0,0.0
4615,2002,under_4px,input_unchanged,0.0,0.2597368359565735,10.191520234516434,0.0,0.28619149327278137,,0.141632080078125,0.0,0.0230712890625
4615,2002,under_4px,exact_mask_diagnostic,0.021752000000560656,0.09817489981651306,16.35878306483972,0.0,0.025294531136751175,,0.141632080078125,0.0,0.0230712890625
4615,2002,under_4px,supplied_mask,0.02194569999119267,0.25579938292503357,10.306761095688582,0.0,0.28619149327278137,,0.141632080078125,0.0,0.0230712890625
4615,2002,under_4px,dilate_4px,0.025732499998412095,0.09817489981651306,16.35878306483972,0.0,0.025294531136751175,,0.141632080078125,0.0,0.0230712890625
4615,2002,over_4px,input_unchanged,0.0,0.2597368359565735,10.191520234516434,0.0,,0.0,0.141632080078125,0.0250244140625,0.0
4615,2002,over_4px,exact_mask_diagnostic,0.021752000000560656,0.09817489981651306,16.35878306483972,0.0,,0.0,0.141632080078125,0.0250244140625,0.0
4615,2002,over_4px,supplied_mask,0.025311300007160753,0.1114606037735939,15.48287427220087,0.0007622535340487957,,0.02614622376859188,0.141632080078125,0.0250244140625,0.0
4615,2002,over_4px,dilate_4px,0.027909600001294166,0.1058487519621849,15.944864544346322,0.0018544391496106982,,0.036926086992025375,0.141632080078125,0.0250244140625,0.0
4615,2002,shift_8px,input_unchanged,0.0,0.2597368359565735,10.191520234516434,0.0,0.39885202050209045,0.0,0.141632080078125,0.009521484375,0.009521484375
4615,2002,shift_8px,exact_mask_diagnostic,0.021752000000560656,0.09817489981651306,16.35878306483972,0.0,0.043159835040569305,0.0,0.141632080078125,0.009521484375,0.009521484375
4615,2002,shift_8px,supplied_mask,0.04219270001340192,0.1346786618232727,13.833852620154275,8.486177102895454e-05,0.39885202050209045,0.007650342769920826,0.141632080078125,0.009521484375,0.009521484375
4615,2002,shift_8px,dilate_4px,0.027554999993299134,0.1260966956615448,14.407851117967693,0.0008176958654075861,0.4067486822605133,0.011652163229882717,0.141632080078125,0.009521484375,0.009521484375
23745,2846,accurate,input_unchanged,0.0,0.2686445713043213,9.58220523677543,0.0,,,0.1351318359375,0.0,0.0
23745,2846,accurate,exact_mask_diagnostic,0.023475199996028095,0.10406158119440079,16.21580092366447,0.0,,,0.1351318359375,0.0,0.0
23745,2846,accurate,supplied_mask,0.023475199996028095,0.10406158119440079,16.21580092366447,0.0,,,0.1351318359375,0.0,0.0
23745,2846,accurate,dilate_4px,0.025965399996493943,0.11821965873241425,15.494522248431782,0.0011226203059777617,,,0.1351318359375,0.0,0.0
23745,2846,under_4px,input_unchanged,0.0,0.2686445713043213,9.58220523677543,0.0,0.24277375638484955,,0.1351318359375,0.0,0.0228271484375
23745,2846,under_4px,exact_mask_diagnostic,0.023475199996028095,0.10406158119440079,16.21580092366447,0.0,0.039109308272600174,,0.1351318359375,0.0,0.0228271484375
23745,2846,under_4px,supplied_mask,0.026932699998724274,0.22725071012973785,11.22678639034971,0.0,0.24277375638484955,,0.1351318359375,0.0,0.0228271484375
23745,2846,under_4px,dilate_4px,0.029289099999004975,0.10406158119440079,16.21580092366447,0.0,0.039109308272600174,,0.1351318359375,0.0,0.0228271484375
23745,2846,over_4px,input_unchanged,0.0,0.2686445713043213,9.58220523677543,0.0,,0.0,0.1351318359375,0.0247802734375,0.0
23745,2846,over_4px,exact_mask_diagnostic,0.023475199996028095,0.10406158119440079,16.21580092366447,0.0,,0.0,0.1351318359375,0.0247802734375,0.0
23745,2846,over_4px,supplied_mask,0.021765800003777258,0.11821965873241425,15.494522248431782,0.0011226203059777617,,0.03918110951781273,0.1351318359375,0.0247802734375,0.0
23745,2846,over_4px,dilate_4px,0.023677099990891293,0.122844398021698,15.451393586932717,0.003006835700944066,,0.06523267179727554,0.1351318359375,0.0247802734375,0.0
23745,2846,shift_8px,input_unchanged,0.0,0.2686445713043213,9.58220523677543,0.0,0.24258194863796234,0.0,0.1351318359375,0.0150146484375,0.0150146484375
23745,2846,shift_8px,exact_mask_diagnostic,0.023475199996028095,0.10406158119440079,16.21580092366447,0.0,0.086268350481987,0.0,0.1351318359375,0.0150146484375,0.0150146484375
23745,2846,shift_8px,supplied_mask,0.021918700003880076,0.17717404663562775,11.780169988899791,0.0006212164298631251,0.24258194863796234,0.0357830747961998,0.1351318359375,0.0150146484375,0.0150146484375
23745,2846,shift_8px,dilate_4px,0.02462999999988824,0.1652587354183197,13.035961246737761,0.001968856668099761,0.23511365056037903,0.06161796674132347,0.1351318359375,0.0150146484375,0.0150146484375
28738,3163,accurate,input_unchanged,0.0,0.33471930027008057,7.835747304251676,0.0,,,0.1129150390625,0.0,0.0
28738,3163,accurate,exact_mask_diagnostic,0.024068400001851842,0.11436454951763153,16.00048199476196,0.0,,,0.1129150390625,0.0,0.0
28738,3163,accurate,supplied_mask,0.024068400001851842,0.11436454951763153,16.00048199476196,0.0,,,0.1129150390625,0.0,0.0
28738,3163,accurate,dilate_4px,0.022061600000597537,0.11953890323638916,15.947968509909074,0.0010641089174896479,,,0.1129150390625,0.0,0.0
28738,3163,under_4px,input_unchanged,0.0,0.33471930027008057,7.835747304251676,0.0,0.32361605763435364,,0.1129150390625,0.0,0.020263671875
28738,3163,under_4px,exact_mask_diagnostic,0.024068400001851842,0.11436454951763153,16.00048199476196,0.0,0.05259271711111069,,0.1129150390625,0.0,0.020263671875
28738,3163,under_4px,supplied_mask,0.02317919999768492,0.33058831095695496,8.227350880155363,0.0,0.32361605763435364,,0.1129150390625,0.0,0.020263671875
28738,3163,under_4px,dilate_4px,0.024445499991998076,0.11436454951763153,16.00048199476196,0.0,0.05259271711111069,,0.1129150390625,0.0,0.020263671875
28738,3163,over_4px,input_unchanged,0.0,0.33471930027008057,7.835747304251676,0.0,,0.0,0.1129150390625,0.022216796875,0.0
28738,3163,over_4px,exact_mask_diagnostic,0.024068400001851842,0.11436454951763153,16.00048199476196,0.0,,0.0,0.1129150390625,0.022216796875,0.0
28738,3163,over_4px,supplied_mask,0.02261990000260994,0.11953890323638916,15.947968509909074,0.0010641089174896479,,0.042488351464271545,0.1129150390625,0.022216796875,0.0
28738,3163,over_4px,dilate_4px,0.024703700008103624,0.19699029624462128,11.812763672491633,0.0033169230446219444,,0.08225897699594498,0.1129150390625,0.022216796875,0.0
28738,3163,shift_8px,input_unchanged,0.0,0.33471930027008057,7.835747304251676,0.0,0.3809795081615448,0.0,0.1129150390625,0.009033203125,0.009033203125
28738,3163,shift_8px,exact_mask_diagnostic,0.024068400001851842,0.11436454951763153,16.00048199476196,0.0,0.06174909695982933,0.0,0.1129150390625,0.009033203125,0.009033203125
28738,3163,shift_8px,supplied_mask,0.021762000003946014,0.20821024477481842,10.650157290576077,0.00021537051361519843,0.3809795081615448,0.02114996314048767,0.1129150390625,0.009033203125,0.009033203125
28738,3163,shift_8px,dilate_4px,0.023286800002097152,0.18122145533561707,12.262819546630697,0.0009760755347087979,0.3752749264240265,0.021598976105451584,0.1129150390625,0.009033203125,0.009033203125
10526,192,accurate,input_unchanged,0.0,0.2316557765007019,10.94477982394128,0.0,,,0.17303466796875,0.0,0.0
10526,192,accurate,exact_mask_diagnostic,0.02088190001086332,0.08127743005752563,18.03694436703658,0.0,,,0.17303466796875,0.0,0.0
10526,192,accurate,supplied_mask,0.02088190001086332,0.08127743005752563,18.03694436703658,0.0,,,0.17303466796875,0.0,0.0
10526,192,accurate,dilate_4px,0.025069600000279024,0.09534960240125656,17.33633444627462,0.001049087499268353,,,0.17303466796875,0.0,0.0
10526,192,under_4px,input_unchanged,0.0,0.2316557765007019,10.94477982394128,0.0,0.24040572345256805,,0.17303466796875,0.0,0.0250244140625
10526,192,under_4px,exact_mask_diagnostic,0.02088190001086332,0.08127743005752563,18.03694436703658,0.0,0.026945464313030243,,0.17303466796875,0.0,0.0250244140625
10526,192,under_4px,supplied_mask,0.024314800000865944,0.24020031094551086,10.765699313253274,0.0,0.24040572345256805,,0.17303466796875,0.0,0.0250244140625
10526,192,under_4px,dilate_4px,0.023300400003790855,0.08127743005752563,18.03694436703658,0.0,0.026945464313030243,,0.17303466796875,0.0,0.0250244140625
10526,192,over_4px,input_unchanged,0.0,0.2316557765007019,10.94477982394128,0.0,,0.0,0.17303466796875,0.0269775390625,0.0
10526,192,over_4px,exact_mask_diagnostic,0.02088190001086332,0.08127743005752563,18.03694436703658,0.0,,0.0,0.17303466796875,0.0269775390625,0.0
10526,192,over_4px,supplied_mask,0.0232391000026837,0.09534960240125656,17.33633444627462,0.001049087499268353,,0.032158564776182175,0.17303466796875,0.0269775390625,0.0
10526,192,over_4px,dilate_4px,0.023636900004930794,0.11769067496061325,16.195510596514136,0.003858305048197508,,0.07142402231693268,0.17303466796875,0.0269775390625,0.0
10526,192,shift_8px,input_unchanged,0.0,0.2316557765007019,10.94477982394128,0.0,0.30025365948677063,0.0,0.17303466796875,0.0128173828125,0.0128173828125
10526,192,shift_8px,exact_mask_diagnostic,0.02088190001086332,0.08127743005752563,18.03694436703658,0.0,0.0342402309179306,0.0,0.17303466796875,0.0128173828125,0.0128173828125
10526,192,shift_8px,supplied_mask,0.02324389999557752,0.13700102269649506,14.109611982069199,0.0004890771815553308,0.30025365948677063,0.03155479580163956,0.17303466796875,0.0128173828125,0.0128173828125
10526,192,shift_8px,dilate_4px,0.024209200011682697,0.15740789473056793,13.510954088597916,0.0028861493337899446,0.29430896043777466,0.12306877970695496,0.17303466796875,0.0128173828125,0.0128173828125
755,4261,accurate,input_unchanged,0.0,0.2130427360534668,11.780789669587314,0.0,,,0.163421630859375,0.0,0.0
755,4261,accurate,exact_mask_diagnostic,0.02877930000249762,0.08662634342908859,17.901020966079194,0.0,,,0.163421630859375,0.0,0.0
755,4261,accurate,supplied_mask,0.02877930000249762,0.08662634342908859,17.901020966079194,0.0,,,0.163421630859375,0.0,0.0
755,4261,accurate,dilate_4px,0.024751999997533858,0.09545981884002686,17.456165904046998,0.001502680010162294,,,0.163421630859375,0.0,0.0
755,4261,under_4px,input_unchanged,0.0,0.2130427360534668,11.780789669587314,0.0,0.22341282665729523,,0.163421630859375,0.0,0.0242919921875
755,4261,under_4px,exact_mask_diagnostic,0.02877930000249762,0.08662634342908859,17.901020966079194,0.0,0.03739456832408905,,0.163421630859375,0.0,0.0242919921875
755,4261,under_4px,supplied_mask,0.02921290000085719,0.21499958634376526,11.681828267525603,0.0,0.22341282665729523,,0.163421630859375,0.0,0.0242919921875
755,4261,under_4px,dilate_4px,0.023563700000522658,0.08662634342908859,17.901020966079194,0.0,0.03739456832408905,,0.163421630859375,0.0,0.0242919921875
755,4261,over_4px,input_unchanged,0.0,0.2130427360534668,11.780789669587314,0.0,,0.0,0.163421630859375,0.0262451171875,0.0
755,4261,over_4px,exact_mask_diagnostic,0.02877930000249762,0.08662634342908859,17.901020966079194,0.0,,0.0,0.163421630859375,0.0262451171875,0.0
755,4261,over_4px,supplied_mask,0.025541099996189587,0.09545981884002686,17.456165904046998,0.001502680010162294,,0.0478987991809845,0.163421630859375,0.0262451171875,0.0
755,4261,over_4px,dilate_4px,0.024481700005708262,0.10421933978796005,17.05918824418607,0.002987469546496868,,0.054088857024908066,0.163421630859375,0.0262451171875,0.0
755,4261,shift_8px,input_unchanged,0.0,0.2130427360534668,11.780789669587314,0.0,0.1686883270740509,0.0,0.163421630859375,0.012451171875,0.012451171875
755,4261,shift_8px,exact_mask_diagnostic,0.02877930000249762,0.08662634342908859,17.901020966079194,0.0,0.0368659645318985,0.0,0.163421630859375,0.012451171875,0.012451171875
755,4261,shift_8px,supplied_mask,0.022916699992492795,0.15252484381198883,13.950381699263566,0.0011082313721999526,0.1686883270740509,0.07446065545082092,0.163421630859375,0.012451171875,0.012451171875
755,4261,shift_8px,dilate_4px,0.023082600004272535,0.13235872983932495,15.243422383028866,0.0020281155593693256,0.16102395951747894,0.07700464129447937,0.163421630859375,0.012451171875,0.012451171875
4616,3685,accurate,input_unchanged,0.0,0.267575740814209,10.075484929734609,0.0,,,0.076904296875,0.0,0.0
4616,3685,accurate,exact_mask_diagnostic,0.026090300001669675,0.08789500594139099,17.47164699318033,0.0,,,0.076904296875,0.0,0.0
4616,3685,accurate,supplied_mask,0.026090300001669675,0.08789500594139099,17.47164699318033,0.0,,,0.076904296875,0.0,0.0
4616,3685,accurate,dilate_4px,0.02972040000895504,0.11985091120004654,15.580257237378854,0.0010341379093006253,,,0.076904296875,0.0,0.0
4616,3685,under_4px,input_unchanged,0.0,0.267575740814209,10.075484929734609,0.0,0.228216752409935,,0.076904296875,0.0,0.016357421875
4616,3685,under_4px,exact_mask_diagnostic,0.026090300001669675,0.08789500594139099,17.47164699318033,0.0,0.034391190856695175,,0.076904296875,0.0,0.016357421875
4616,3685,under_4px,supplied_mask,0.028771199999027885,0.22498543560504913,11.551002621853888,0.0,0.228216752409935,,0.076904296875,0.0,0.016357421875
4616,3685,under_4px,dilate_4px,0.026681200004532002,0.08789500594139099,17.47164699318033,0.0,0.034391190856695175,,0.076904296875,0.0,0.016357421875
4616,3685,over_4px,input_unchanged,0.0,0.267575740814209,10.075484929734609,0.0,,0.0,0.076904296875,0.018310546875,0.0
4616,3685,over_4px,exact_mask_diagnostic,0.026090300001669675,0.08789500594139099,17.47164699318033,0.0,,0.0,0.076904296875,0.018310546875,0.0
4616,3685,over_4px,supplied_mask,0.022754599995096214,0.11985091120004654,15.580257237378854,0.0010341379093006253,,0.05213433876633644,0.076904296875,0.018310546875,0.0
4616,3685,over_4px,dilate_4px,0.023808400001144037,0.13214632868766785,15.075245323438377,0.002617744030430913,,0.0835617333650589,0.076904296875,0.018310546875,0.0
4616,3685,shift_8px,input_unchanged,0.0,0.267575740814209,10.075484929734609,0.0,0.2423085868358612,0.0,0.076904296875,0.008544921875,0.008544921875
4616,3685,shift_8px,exact_mask_diagnostic,0.026090300001669675,0.08789500594139099,17.47164699318033,0.0,0.03647303581237793,0.0,0.076904296875,0.008544921875,0.008544921875
4616,3685,shift_8px,supplied_mask,0.02290109999012202,0.15721774101257324,13.672377218810347,0.0011687353253364563,0.2423085868358612,0.1262568086385727,0.076904296875,0.008544921875,0.008544921875
4616,3685,shift_8px,dilate_4px,0.023861699999542907,0.12689581513404846,15.548321296019523,0.0017787984106689692,0.238925963640213,0.1299964338541031,0.076904296875,0.008544921875,0.008544921875
26446,1877,accurate,input_unchanged,0.0,0.225824236869812,11.04326670468968,0.0,,,0.1436767578125,0.0,0.0
26446,1877,accurate,exact_mask_diagnostic,0.02296399998886045,0.1304214745759964,15.34099339913672,0.0,,,0.1436767578125,0.0,0.0
26446,1877,accurate,supplied_mask,0.02296399998886045,0.1304214745759964,15.34099339913672,0.0,,,0.1436767578125,0.0,0.0
26446,1877,accurate,dilate_4px,0.023692699993262067,0.1379568725824356,15.06279971789157,0.0011781442444771528,,,0.1436767578125,0.0,0.0
26446,1877,under_4px,input_unchanged,0.0,0.225824236869812,11.04326670468968,0.0,0.23219041526317596,,0.1436767578125,0.0,0.0228271484375
26446,1877,under_4px,exact_mask_diagnostic,0.02296399998886045,0.1304214745759964,15.34099339913672,0.0,0.047975122928619385,,0.1436767578125,0.0,0.0228271484375
26446,1877,under_4px,supplied_mask,0.023131599999032915,0.198362335562706,12.305218110563228,0.0,0.23219041526317596,,0.1436767578125,0.0,0.0228271484375
26446,1877,under_4px,dilate_4px,0.028793199991923757,0.1304214745759964,15.34099339913672,0.0,0.047975122928619385,,0.1436767578125,0.0,0.0228271484375
26446,1877,over_4px,input_unchanged,0.0,0.225824236869812,11.04326670468968,0.0,,0.0,0.1436767578125,0.0247802734375,0.0
26446,1877,over_4px,exact_mask_diagnostic,0.02296399998886045,0.1304214745759964,15.34099339913672,0.0,,0.0,0.1436767578125,0.0247802734375,0.0
26446,1877,over_4px,supplied_mask,0.020850000000791624,0.1379568725824356,15.06279971789157,0.0011781442444771528,,0.04071271792054176,0.1436767578125,0.0247802734375,0.0
26446,1877,over_4px,dilate_4px,0.023829700003261678,0.11809083819389343,16.407958367355693,0.0028267924208194017,,0.05868280306458473,0.1436767578125,0.0247802734375,0.0
26446,1877,shift_8px,input_unchanged,0.0,0.225824236869812,11.04326670468968,0.0,0.20702986419200897,0.0,0.1436767578125,0.0107421875,0.0107421875
26446,1877,shift_8px,exact_mask_diagnostic,0.02296399998886045,0.1304214745759964,15.34099339913672,0.0,0.05033507198095322,0.0,0.1436767578125,0.0107421875,0.0107421875
26446,1877,shift_8px,supplied_mask,0.026718100009020418,0.15315718948841095,13.736661266857716,0.0005340694333426654,0.20702986419200897,0.042573828250169754,0.1436767578125,0.0107421875,0.0107421875
26446,1877,shift_8px,dilate_4px,0.024216600009822287,0.15850551426410675,13.792372491178167,0.0017025512643158436,0.1944018304347992,0.06349729746580124,0.1436767578125,0.0107421875,0.0107421875
14712,2122,accurate,input_unchanged,0.0,0.2702343761920929,9.740101353417002,0.0,,,0.1090087890625,0.0,0.0
14712,2122,accurate,exact_mask_diagnostic,0.024562199992942624,0.08634016662836075,17.994680525176513,0.0,,,0.1090087890625,0.0,0.0
14712,2122,accurate,supplied_mask,0.024562199992942624,0.08634016662836075,17.994680525176513,0.0,,,0.1090087890625,0.0,0.0
14712,2122,accurate,dilate_4px,0.02558810000482481,0.10104899853467941,16.686843873714835,0.0010256737004965544,,,0.1090087890625,0.0,0.0
14712,2122,under_4px,input_unchanged,0.0,0.2702343761920929,9.740101353417002,0.0,0.2845427095890045,,0.1090087890625,0.0,0.019775390625
14712,2122,under_4px,exact_mask_diagnostic,0.024562199992942624,0.08634016662836075,17.994680525176513,0.0,0.05033355578780174,,0.1090087890625,0.0,0.019775390625
14712,2122,under_4px,supplied_mask,0.02561789999890607,0.2296590507030487,11.182063734594346,0.0,0.2845427095890045,,0.1090087890625,0.0,0.019775390625
14712,2122,under_4px,dilate_4px,0.029460499994456768,0.08634016662836075,17.994680525176513,0.0,0.05033355578780174,,0.1090087890625,0.0,0.019775390625
14712,2122,over_4px,input_unchanged,0.0,0.2702343761920929,9.740101353417002,0.0,,0.0,0.1090087890625,0.021728515625,0.0
14712,2122,over_4px,exact_mask_diagnostic,0.024562199992942624,0.08634016662836075,17.994680525176513,0.0,,0.0,0.1090087890625,0.021728515625,0.0
14712,2122,over_4px,supplied_mask,0.02229280000028666,0.10104899853467941,16.686843873714835,0.0010256737004965544,,0.04205838218331337,0.1090087890625,0.021728515625,0.0
14712,2122,over_4px,dilate_4px,0.026352400003816,0.09827890247106552,17.28728789285922,0.003249800531193614,,0.08173287659883499,0.1090087890625,0.021728515625,0.0
14712,2122,shift_8px,input_unchanged,0.0,0.2702343761920929,9.740101353417002,0.0,0.27398136258125305,0.0,0.1090087890625,0.011474609375,0.011474609375
14712,2122,shift_8px,exact_mask_diagnostic,0.024562199992942624,0.08634016662836075,17.994680525176513,0.0,0.07938431948423386,0.0,0.1090087890625,0.011474609375,0.011474609375
14712,2122,shift_8px,supplied_mask,0.023256600004970096,0.14051392674446106,14.179533421263788,0.0006982640479691327,0.27398136258125305,0.054219458252191544,0.1090087890625,0.011474609375,0.011474609375
14712,2122,shift_8px,dilate_4px,0.025074699995457195,0.14029546082019806,14.170705592860251,0.002334239427000284,0.28480222821235657,0.10714047402143478,0.1090087890625,0.011474609375,0.011474609375
11757,2981,accurate,input_unchanged,0.0,0.2853453755378723,9.364081416033104,0.0,,,0.135955810546875,0.0,0.0
11757,2981,accurate,exact_mask_diagnostic,0.024321799995959736,0.061372216790914536,20.268153587083,0.0,,,0.135955810546875,0.0,0.0
11757,2981,accurate,supplied_mask,0.024321799995959736,0.061372216790914536,20.268153587083,0.0,,,0.135955810546875,0.0,0.0
11757,2981,accurate,dilate_4px,0.02474120000260882,0.07619985193014145,18.541922055815576,0.0008667774382047355,,,0.135955810546875,0.0,0.0
11757,2981,under_4px,input_unchanged,0.0,0.2853453755378723,9.364081416033104,0.0,0.22811000049114227,,0.135955810546875,0.0,0.0220947265625
11757,2981,under_4px,exact_mask_diagnostic,0.024321799995959736,0.061372216790914536,20.268153587083,0.0,0.02654917538166046,,0.135955810546875,0.0,0.0220947265625
11757,2981,under_4px,supplied_mask,0.022147299998323433,0.25654613971710205,10.392984424248578,0.0,0.22811000049114227,,0.135955810546875,0.0,0.0220947265625
11757,2981,under_4px,dilate_4px,0.027382599990232848,0.061372216790914536,20.268153587083,0.0,0.02654917538166046,,0.135955810546875,0.0,0.0220947265625
11757,2981,over_4px,input_unchanged,0.0,0.2853453755378723,9.364081416033104,0.0,,0.0,0.135955810546875,0.0240478515625,0.0
11757,2981,over_4px,exact_mask_diagnostic,0.024321799995959736,0.061372216790914536,20.268153587083,0.0,,0.0,0.135955810546875,0.0240478515625,0.0
11757,2981,over_4px,supplied_mask,0.024659099988639355,0.07619985193014145,18.541922055815576,0.0008667774382047355,,0.031143492087721825,0.135955810546875,0.0240478515625,0.0
11757,2981,over_4px,dilate_4px,0.023462700002710335,0.08491621911525726,18.15850575035842,0.0022599813528358936,,0.04957789555191994,0.135955810546875,0.0240478515625,0.0
11757,2981,shift_8px,input_unchanged,0.0,0.2853453755378723,9.364081416033104,0.0,0.20931537449359894,0.0,0.135955810546875,0.0120849609375,0.0120849609375
11757,2981,shift_8px,exact_mask_diagnostic,0.024321799995959736,0.061372216790914536,20.268153587083,0.0,0.029982775449752808,0.0,0.135955810546875,0.0120849609375,0.0120849609375
11757,2981,shift_8px,supplied_mask,0.020896999994874932,0.09955158829689026,16.740222156562275,0.0004280579451005906,0.20931537449359894,0.03060505911707878,0.135955810546875,0.0120849609375,0.0120849609375
11757,2981,shift_8px,dilate_4px,0.0261742000002414,0.10134030133485794,16.57061930439629,0.0014617356937378645,0.1782604157924652,0.06772004812955856,0.135955810546875,0.0120849609375,0.0120849609375
10350,3521,accurate,input_unchanged,0.0,0.281810462474823,9.661639612653083,0.0,,,0.12762451171875,0.0,0.0
10350,3521,accurate,exact_mask_diagnostic,0.021933399999397807,0.1168830469250679,14.984339786356673,0.0,,,0.12762451171875,0.0,0.0
10350,3521,accurate,supplied_mask,0.021933399999397807,0.1168830469250679,14.984339786356673,0.0,,,0.12762451171875,0.0,0.0
10350,3521,accurate,dilate_4px,0.024810599992633797,0.1198991984128952,14.253270447206079,0.0011233740951865911,,,0.12762451171875,0.0,0.0
10350,3521,under_4px,input_unchanged,0.0,0.281810462474823,9.661639612653083,0.0,0.3245850205421448,,0.12762451171875,0.0,0.021484375
10350,3521,under_4px,exact_mask_diagnostic,0.021933399999397807,0.1168830469250679,14.984339786356673,0.0,0.04662468284368515,,0.12762451171875,0.0,0.021484375
10350,3521,under_4px,supplied_mask,0.025004700000863522,0.3327871263027191,8.552360742853583,0.0,0.3245850205421448,,0.12762451171875,0.0,0.021484375
10350,3521,under_4px,dilate_4px,0.023083299995050766,0.1168830469250679,14.984339786356673,0.0,0.04662468284368515,,0.12762451171875,0.0,0.021484375
10350,3521,over_4px,input_unchanged,0.0,0.281810462474823,9.661639612653083,0.0,,0.0,0.12762451171875,0.0234375,0.0
10350,3521,over_4px,exact_mask_diagnostic,0.021933399999397807,0.1168830469250679,14.984339786356673,0.0,,0.0,0.12762451171875,0.0234375,0.0
10350,3521,over_4px,supplied_mask,0.02419029999873601,0.1198991984128952,14.253270447206079,0.0011233740951865911,,0.04181350767612457,0.12762451171875,0.0234375,0.0
10350,3521,over_4px,dilate_4px,0.02509029999782797,0.13230322301387787,13.843063896448044,0.003083879128098488,,0.06851038336753845,0.12762451171875,0.0234375,0.0
10350,3521,shift_8px,input_unchanged,0.0,0.281810462474823,9.661639612653083,0.0,0.34685376286506653,0.0,0.12762451171875,0.012451171875,0.012451171875
10350,3521,shift_8px,exact_mask_diagnostic,0.021933399999397807,0.1168830469250679,14.984339786356673,0.0,0.03682105243206024,0.0,0.12762451171875,0.012451171875,0.012451171875
10350,3521,shift_8px,supplied_mask,0.022734300000593066,0.21022047102451324,10.995906408465236,0.001705051283352077,0.34685376286506653,0.1194622591137886,0.12762451171875,0.012451171875,0.012451171875
10350,3521,shift_8px,dilate_4px,0.025824500000453554,0.24370862543582916,10.477108573427866,0.0030505750328302383,0.3502303659915924,0.1515565812587738,0.12762451171875,0.012451171875,0.012451171875
24280,373,accurate,input_unchanged,0.0,0.31953519582748413,8.469163764734155,0.0,,,0.083984375,0.0,0.0
24280,373,accurate,exact_mask_diagnostic,0.024821700004395097,0.13720256090164185,14.154058880884348,0.0,,,0.083984375,0.0,0.0
24280,373,accurate,supplied_mask,0.024821700004395097,0.13720256090164185,14.154058880884348,0.0,,,0.083984375,0.0,0.0
24280,373,accurate,dilate_4px,0.026155500003369525,0.18379518389701843,11.550056068268887,0.0007544768741354346,,,0.083984375,0.0,0.0
24280,373,under_4px,input_unchanged,0.0,0.31953519582748413,8.469163764734155,0.0,0.26853427290916443,,0.083984375,0.0,0.017333984375
24280,373,under_4px,exact_mask_diagnostic,0.024821700004395097,0.13720256090164185,14.154058880884348,0.0,0.04810941591858864,,0.083984375,0.0,0.017333984375
24280,373,under_4px,supplied_mask,0.026722700000391342,0.28946980834007263,9.299909680135679,0.0,0.26853427290916443,,0.083984375,0.0,0.017333984375
24280,373,under_4px,dilate_4px,0.024387400000705384,0.13720256090164185,14.154058880884348,0.0,0.04810941591858864,,0.083984375,0.0,0.017333984375
24280,373,over_4px,input_unchanged,0.0,0.31953519582748413,8.469163764734155,0.0,,0.0,0.083984375,0.019287109375,0.0
24280,373,over_4px,exact_mask_diagnostic,0.024821700004395097,0.13720256090164185,14.154058880884348,0.0,,0.0,0.083984375,0.019287109375,0.0
24280,373,over_4px,supplied_mask,0.024626999991596676,0.18379518389701843,11.550056068268887,0.0007544768741354346,,0.03583287447690964,0.083984375,0.019287109375,0.0
24280,373,over_4px,dilate_4px,0.025085900007979944,0.26157569885253906,9.049957455126243,0.0024477255064994097,,0.07082619518041611,0.083984375,0.019287109375,0.0
24280,373,shift_8px,input_unchanged,0.0,0.31953519582748413,8.469163764734155,0.0,0.38555440306663513,0.0,0.083984375,0.010498046875,0.010498046875
24280,373,shift_8px,exact_mask_diagnostic,0.024821700004395097,0.13720256090164185,14.154058880884348,0.0,0.057247310876846313,0.0,0.083984375,0.010498046875,0.010498046875
24280,373,shift_8px,supplied_mask,0.023550399986561388,0.2105473428964615,11.053849762132298,0.0006225109100341797,0.38555440306663513,0.05431769788265228,0.083984375,0.010498046875,0.010498046875
24280,373,shift_8px,dilate_4px,0.027810699990368448,0.23237967491149902,11.05929406445852,0.001214825315400958,0.3686480224132538,0.0622858963906765,0.083984375,0.010498046875,0.010498046875
27570,971,accurate,input_unchanged,0.0,0.25152432918548584,10.20562931964722,0.0,,,0.1672515869140625,0.0,0.0
27570,971,accurate,exact_mask_diagnostic,0.024665400007506832,0.07805053144693375,18.953974461928745,0.0,,,0.1672515869140625,0.0,0.0
27570,971,accurate,supplied_mask,0.024665400007506832,0.07805053144693375,18.953974461928745,0.0,,,0.1672515869140625,0.0,0.0
27570,971,accurate,dilate_4px,0.02601899999717716,0.0913311168551445,18.048771736678024,0.0010538067435845733,,,0.1672515869140625,0.0,0.0
27570,971,under_4px,input_unchanged,0.0,0.25152432918548584,10.20562931964722,0.0,0.25759077072143555,,0.1672515869140625,0.0,0.024658203125
27570,971,under_4px,exact_mask_diagnostic,0.024665400007506832,0.07805053144693375,18.953974461928745,0.0,0.028852883726358414,,0.1672515869140625,0.0,0.024658203125
27570,971,under_4px,supplied_mask,0.02679329999955371,0.25694918632507324,10.210086816961713,0.0,0.25759077072143555,,0.1672515869140625,0.0,0.024658203125
27570,971,under_4px,dilate_4px,0.02563899999950081,0.07805053144693375,18.953974461928745,0.0,0.028852883726358414,,0.1672515869140625,0.0,0.024658203125
27570,971,over_4px,input_unchanged,0.0,0.25152432918548584,10.20562931964722,0.0,,0.0,0.1672515869140625,0.026611328125,0.0
27570,971,over_4px,exact_mask_diagnostic,0.024665400007506832,0.07805053144693375,18.953974461928745,0.0,,0.0,0.1672515869140625,0.026611328125,0.0
27570,971,over_4px,supplied_mask,0.027715899996110238,0.0913311168551445,18.048771736678024,0.0010538067435845733,,0.032976776361465454,0.1672515869140625,0.026611328125,0.0
27570,971,over_4px,dilate_4px,0.027664900000672787,0.1009712740778923,17.210347361120302,0.0027954161632806063,,0.05273691937327385,0.1672515869140625,0.026611328125,0.0
27570,971,shift_8px,input_unchanged,0.0,0.25152432918548584,10.20562931964722,0.0,0.2438269853591919,0.0,0.1672515869140625,0.0137939453125,0.0137939453125
27570,971,shift_8px,exact_mask_diagnostic,0.024665400007506832,0.07805053144693375,18.953974461928745,0.0,0.046329326927661896,0.0,0.1672515869140625,0.0137939453125,0.0137939453125
27570,971,shift_8px,supplied_mask,0.0238995999970939,0.13303063809871674,14.534494334311539,0.0009386911406181753,0.2438269853591919,0.05666932463645935,0.1672515869140625,0.0137939453125,0.0137939453125
27570,971,shift_8px,dilate_4px,0.024946399993496016,0.1256832629442215,15.325968991155614,0.002253008773550391,0.23313534259796143,0.08561047911643982,0.1672515869140625,0.0137939453125,0.0137939453125
20549,2888,accurate,input_unchanged,0.0,0.2100832313299179,12.243014106022006,0.0,,,0.0802001953125,0.0,0.0
20549,2888,accurate,exact_mask_diagnostic,0.024963000003481284,0.0624542161822319,20.92919845676752,0.0,,,0.0802001953125,0.0,0.0
20549,2888,accurate,supplied_mask,0.024963000003481284,0.0624542161822319,20.92919845676752,0.0,,,0.0802001953125,0.0,0.0
20549,2888,accurate,dilate_4px,0.023206500001833774,0.05506102740764618,21.486689926661665,0.0005926080048084259,,,0.0802001953125,0.0,0.0
20549,2888,under_4px,input_unchanged,0.0,0.2100832313299179,12.243014106022006,0.0,0.1776716262102127,,0.0802001953125,0.0,0.0167236328125
20549,2888,under_4px,exact_mask_diagnostic,0.024963000003481284,0.0624542161822319,20.92919845676752,0.0,0.04190036654472351,,0.0802001953125,0.0,0.0167236328125
20549,2888,under_4px,supplied_mask,0.0258482999925036,0.20756085216999054,12.502351747362532,0.0,0.1776716262102127,,0.0802001953125,0.0,0.0167236328125
20549,2888,under_4px,dilate_4px,0.022052200001780875,0.0624542161822319,20.92919845676752,0.0,0.04190036654472351,,0.0802001953125,0.0,0.0167236328125
20549,2888,over_4px,input_unchanged,0.0,0.2100832313299179,12.243014106022006,0.0,,0.0,0.0802001953125,0.0186767578125,0.0
20549,2888,over_4px,exact_mask_diagnostic,0.024963000003481284,0.0624542161822319,20.92919845676752,0.0,,0.0,0.0802001953125,0.0186767578125,0.0
20549,2888,over_4px,supplied_mask,0.020924399999785237,0.05506102740764618,21.486689926661665,0.0005926080048084259,,0.029184972867369652,0.0802001953125,0.0186767578125,0.0
20549,2888,over_4px,dilate_4px,0.024316800001543015,0.07505498081445694,20.000591065412515,0.0014079682296141982,,0.04026426002383232,0.0802001953125,0.0186767578125,0.0
20549,2888,shift_8px,input_unchanged,0.0,0.2100832313299179,12.243014106022006,0.0,0.17415167391300201,0.0,0.0802001953125,0.0089111328125,0.0089111328125
20549,2888,shift_8px,exact_mask_diagnostic,0.024963000003481284,0.0624542161822319,20.92919845676752,0.0,0.06708016991615295,0.0,0.0802001953125,0.0089111328125,0.0089111328125
20549,2888,shift_8px,supplied_mask,0.02056000000447966,0.07044181227684021,19.37278630268056,0.0003939650778193027,0.17415167391300201,0.04066475108265877,0.0802001953125,0.0089111328125,0.0089111328125
20549,2888,shift_8px,dilate_4px,0.02366039999469649,0.07951495051383972,18.94884478130661,0.0009039197466336191,0.176564559340477,0.051495250314474106,0.0802001953125,0.0089111328125,0.0089111328125
9992,965,accurate,input_unchanged,0.0,0.19083817303180695,12.376611520567273,0.0,,,0.1734619140625,0.0,0.0
9992,965,accurate,exact_mask_diagnostic,0.02654160000383854,0.13663995265960693,15.265167451315996,0.0,,,0.1734619140625,0.0,0.0
9992,965,accurate,supplied_mask,0.02654160000383854,0.13663995265960693,15.265167451315996,0.0,,,0.1734619140625,0.0,0.0
9992,965,accurate,dilate_4px,0.026429899997310713,0.16024401783943176,14.561690600227886,0.0016959659988060594,,,0.1734619140625,0.0,0.0
9992,965,under_4px,input_unchanged,0.0,0.19083817303180695,12.376611520567273,0.0,0.21095725893974304,,0.1734619140625,0.0,0.025146484375
9992,965,under_4px,exact_mask_diagnostic,0.02654160000383854,0.13663995265960693,15.265167451315996,0.0,0.06345304101705551,,0.1734619140625,0.0,0.025146484375
9992,965,under_4px,supplied_mask,0.025649300005170517,0.17690637707710266,13.055653182171412,0.0,0.21095725893974304,,0.1734619140625,0.0,0.025146484375
9992,965,under_4px,dilate_4px,0.030135699998936616,0.13663995265960693,15.265167451315996,0.0,0.06345304101705551,,0.1734619140625,0.0,0.025146484375
9992,965,over_4px,input_unchanged,0.0,0.19083817303180695,12.376611520567273,0.0,,0.0,0.1734619140625,0.027099609375,0.0
9992,965,over_4px,exact_mask_diagnostic,0.02654160000383854,0.13663995265960693,15.265167451315996,0.0,,0.0,0.1734619140625,0.027099609375,0.0
9992,965,over_4px,supplied_mask,0.026133899998967536,0.16024401783943176,14.561690600227886,0.0016959659988060594,,0.05172695592045784,0.1734619140625,0.027099609375,0.0
9992,965,over_4px,dilate_4px,0.025768399995286018,0.13867796957492828,15.635612732894577,0.003980419598519802,,0.07655540853738785,0.1734619140625,0.027099609375,0.0
9992,965,shift_8px,input_unchanged,0.0,0.19083817303180695,12.376611520567273,0.0,0.17292936146259308,0.0,0.1734619140625,0.01416015625,0.01416015625
9992,965,shift_8px,exact_mask_diagnostic,0.02654160000383854,0.13663995265960693,15.265167451315996,0.0,0.07787029445171356,0.0,0.1734619140625,0.01416015625,0.01416015625
9992,965,shift_8px,supplied_mask,0.02548450000176672,0.1165444403886795,16.11919654176692,0.0009466776973567903,0.17292936146259308,0.055258236825466156,0.1734619140625,0.01416015625,0.01416015625
9992,965,shift_8px,dilate_4px,0.027027299991459586,0.14529116451740265,14.691403370689224,0.0025545074604451656,0.17129293084144592,0.06954706460237503,0.1734619140625,0.01416015625,0.01416015625
29103,2489,accurate,input_unchanged,0.0,0.2632031738758087,9.910621177420607,0.0,,,0.1812744140625,0.0,0.0
29103,2489,accurate,exact_mask_diagnostic,0.024423599999863654,0.07105299085378647,17.908009238623613,0.0,,,0.1812744140625,0.0,0.0
29103,2489,accurate,supplied_mask,0.024423599999863654,0.07105299085378647,17.908009238623613,0.0,,,0.1812744140625,0.0,0.0
29103,2489,accurate,dilate_4px,0.025851200000033714,0.07618747651576996,17.74627130966593,0.0006124717183411121,,,0.1812744140625,0.0,0.0
29103,2489,under_4px,input_unchanged,0.0,0.2632031738758087,9.910621177420607,0.0,0.2931612432003021,,0.1812744140625,0.0,0.0257568359375
29103,2489,under_4px,exact_mask_diagnostic,0.024423599999863654,0.07105299085378647,17.908009238623613,0.0,0.01771249808371067,,0.1812744140625,0.0,0.0257568359375
29103,2489,under_4px,supplied_mask,0.02429520001169294,0.2737879753112793,9.847738058894052,0.0,0.2931612432003021,,0.1812744140625,0.0,0.0257568359375
29103,2489,under_4px,dilate_4px,0.026866400003200397,0.07105299085378647,17.908009238623613,0.0,0.01771249808371067,,0.1812744140625,0.0,0.0257568359375
29103,2489,over_4px,input_unchanged,0.0,0.2632031738758087,9.910621177420607,0.0,,0.0,0.1812744140625,0.0277099609375,0.0
29103,2489,over_4px,exact_mask_diagnostic,0.024423599999863654,0.07105299085378647,17.908009238623613,0.0,,0.0,0.1812744140625,0.0277099609375,0.0
29103,2489,over_4px,supplied_mask,0.02745179999328684,0.07618747651576996,17.74627130966593,0.0006124717183411121,,0.01809624768793583,0.1812744140625,0.0277099609375,0.0
29103,2489,over_4px,dilate_4px,0.027106800000183284,0.08015453070402145,17.633858645750603,0.0022722380235791206,,0.039901942014694214,0.1812744140625,0.0277099609375,0.0
29103,2489,shift_8px,input_unchanged,0.0,0.2632031738758087,9.910621177420607,0.0,0.4183287024497986,0.0,0.1812744140625,0.0120849609375,0.0120849609375
29103,2489,shift_8px,exact_mask_diagnostic,0.024423599999863654,0.07105299085378647,17.908009238623613,0.0,0.025782180950045586,0.0,0.1812744140625,0.0120849609375,0.0120849609375
29103,2489,shift_8px,supplied_mask,0.02528119999624323,0.12380000948905945,13.895049311780486,0.0003536009753588587,0.4183287024497986,0.0239555723965168,0.1812744140625,0.0120849609375,0.0120849609375
29103,2489,shift_8px,dilate_4px,0.02753120000124909,0.14696359634399414,13.165495864720622,0.000927997287362814,0.42303919792175293,0.025964263826608658,0.1812744140625,0.0120849609375,0.0120849609375
19876,2283,accurate,input_unchanged,0.0,0.24641379714012146,10.438210324025345,0.0,,,0.17974853515625,0.0,0.0
19876,2283,accurate,exact_mask_diagnostic,0.023540199996205047,0.12991851568222046,14.494444443531332,0.0,,,0.17974853515625,0.0,0.0
19876,2283,accurate,supplied_mask,0.023540199996205047,0.12991851568222046,14.494444443531332,0.0,,,0.17974853515625,0.0,0.0
19876,2283,accurate,dilate_4px,0.025838500005193055,0.1258527636528015,14.803950754992687,0.0021850490011274815,,,0.17974853515625,0.0,0.0
19876,2283,under_4px,input_unchanged,0.0,0.24641379714012146,10.438210324025345,0.0,0.24962984025478363,,0.17974853515625,0.0,0.0257568359375
19876,2283,under_4px,exact_mask_diagnostic,0.023540199996205047,0.12991851568222046,14.494444443531332,0.0,0.0573735274374485,,0.17974853515625,0.0,0.0257568359375
19876,2283,under_4px,supplied_mask,0.02434989999164827,0.23989787697792053,10.588375100936398,0.0,0.24962984025478363,,0.17974853515625,0.0,0.0257568359375
19876,2283,under_4px,dilate_4px,0.025656600002548657,0.12991851568222046,14.494444443531332,0.0,0.0573735274374485,,0.17974853515625,0.0,0.0257568359375
19876,2283,over_4px,input_unchanged,0.0,0.24641379714012146,10.438210324025345,0.0,,0.0,0.17974853515625,0.0277099609375,0.0
19876,2283,over_4px,exact_mask_diagnostic,0.023540199996205047,0.12991851568222046,14.494444443531332,0.0,,0.0,0.17974853515625,0.0277099609375,0.0
19876,2283,over_4px,supplied_mask,0.02640139999857638,0.1258527636528015,14.803950754992687,0.0021850490011274815,,0.06468033790588379,0.17974853515625,0.0277099609375,0.0
19876,2283,over_4px,dilate_4px,0.029760100005660206,0.1440582275390625,13.757362237000123,0.005917500704526901,,0.09047494828701019,0.17974853515625,0.0277099609375,0.0
19876,2283,shift_8px,input_unchanged,0.0,0.24641379714012146,10.438210324025345,0.0,0.2780703008174896,0.0,0.17974853515625,0.01513671875,0.01513671875
19876,2283,shift_8px,exact_mask_diagnostic,0.023540199996205047,0.12991851568222046,14.494444443531332,0.0,0.04170369729399681,0.0,0.17974853515625,0.01513671875,0.01513671875
19876,2283,shift_8px,supplied_mask,0.02410300000337884,0.18874432146549225,12.138315064726456,0.0029335443396121264,0.2780703008174896,0.15896733105182648,0.17974853515625,0.01513671875,0.01513671875
19876,2283,shift_8px,dilate_4px,0.03087729999970179,0.20041322708129883,11.790275327154793,0.004476130474358797,0.2816620171070099,0.16462303698062897,0.17974853515625,0.01513671875,0.01513671875
17409,1921,accurate,input_unchanged,0.0,0.26667824387550354,10.147593884408003,0.0,,,0.117034912109375,0.0,0.0
17409,1921,accurate,exact_mask_diagnostic,0.024204099987400696,0.061424609273672104,21.167923325299192,0.0,,,0.117034912109375,0.0,0.0
17409,1921,accurate,supplied_mask,0.024204099987400696,0.061424609273672104,21.167923325299192,0.0,,,0.117034912109375,0.0,0.0
17409,1921,accurate,dilate_4px,0.027276799999526702,0.07068251073360443,19.808964073633685,0.0011554546654224396,,,0.117034912109375,0.0,0.0
17409,1921,under_4px,input_unchanged,0.0,0.26667824387550354,10.147593884408003,0.0,0.26797759532928467,,0.117034912109375,0.0,0.0213623046875
17409,1921,under_4px,exact_mask_diagnostic,0.024204099987400696,0.061424609273672104,21.167923325299192,0.0,0.04074869304895401,,0.117034912109375,0.0,0.0213623046875
17409,1921,under_4px,supplied_mask,0.028972999993129633,0.26630085706710815,10.250795449807562,0.0,0.26797759532928467,,0.117034912109375,0.0,0.0213623046875
17409,1921,under_4px,dilate_4px,0.027447400003438815,0.061424609273672104,21.167923325299192,0.0,0.04074869304895401,,0.117034912109375,0.0,0.0213623046875
17409,1921,over_4px,input_unchanged,0.0,0.26667824387550354,10.147593884408003,0.0,,0.0,0.117034912109375,0.0233154296875,0.0
17409,1921,over_4px,exact_mask_diagnostic,0.024204099987400696,0.061424609273672104,21.167923325299192,0.0,,0.0,0.117034912109375,0.0233154296875,0.0
17409,1921,over_4px,supplied_mask,0.0291371000057552,0.07068251073360443,19.808964073633685,0.0011554546654224396,,0.04375755414366722,0.117034912109375,0.0233154296875,0.0
17409,1921,over_4px,dilate_4px,0.029104299988830462,0.0743810161948204,19.432967126421282,0.003393512452021241,,0.07251332700252533,0.117034912109375,0.0233154296875,0.0
17409,1921,shift_8px,input_unchanged,0.0,0.26667824387550354,10.147593884408003,0.0,0.2657516598701477,0.0,0.117034912109375,0.0079345703125,0.0079345703125
17409,1921,shift_8px,exact_mask_diagnostic,0.024204099987400696,0.061424609273672104,21.167923325299192,0.0,0.02868974208831787,0.0,0.117034912109375,0.0079345703125,0.0079345703125
17409,1921,shift_8px,supplied_mask,0.023438799995346926,0.1287694275379181,15.192225336513935,0.0009348189341835678,0.2657516598701477,0.10402738302946091,0.117034912109375,0.0079345703125,0.0079345703125
17409,1921,shift_8px,dilate_4px,0.028890899993712083,0.11551058292388916,16.166277383681354,0.002177468966692686,0.2544054388999939,0.11333340406417847,0.117034912109375,0.0079345703125,0.0079345703125
11178,4696,accurate,input_unchanged,0.0,0.2215884029865265,11.404346749408683,0.0,,,0.1624755859375,0.0,0.0
11178,4696,accurate,exact_mask_diagnostic,0.032114300003740937,0.12006254494190216,15.218024784004829,0.0,,,0.1624755859375,0.0,0.0
11178,4696,accurate,supplied_mask,0.032114300003740937,0.12006254494190216,15.218024784004829,0.0,,,0.1624755859375,0.0,0.0
11178,4696,accurate,dilate_4px,0.02637830001185648,0.12726694345474243,14.551072061546408,0.0021932015661150217,,,0.1624755859375,0.0,0.0
11178,4696,under_4px,input_unchanged,0.0,0.2215884029865265,11.404346749408683,0.0,0.2225758284330368,,0.1624755859375,0.0,0.0245361328125
11178,4696,under_4px,exact_mask_diagnostic,0.032114300003740937,0.12006254494190216,15.218024784004829,0.0,0.07079585641622543,,0.1624755859375,0.0,0.0245361328125
11178,4696,under_4px,supplied_mask,0.025304800001322292,0.22761519253253937,11.156584570755289,0.0,0.2225758284330368,,0.1624755859375,0.0,0.0245361328125
11178,4696,under_4px,dilate_4px,0.026042299999971874,0.12006254494190216,15.218024784004829,0.0,0.07079585641622543,,0.1624755859375,0.0,0.0245361328125
11178,4696,over_4px,input_unchanged,0.0,0.2215884029865265,11.404346749408683,0.0,,0.0,0.1624755859375,0.0264892578125,0.0
11178,4696,over_4px,exact_mask_diagnostic,0.032114300003740937,0.12006254494190216,15.218024784004829,0.0,,0.0,0.1624755859375,0.0264892578125,0.0
11178,4696,over_4px,supplied_mask,0.02728939999360591,0.12726694345474243,14.551072061546408,0.0021932015661150217,,0.06934358179569244,0.1624755859375,0.0264892578125,0.0
11178,4696,over_4px,dilate_4px,0.028642699995543808,0.16872721910476685,12.561411096316961,0.007420744281262159,,0.12370562553405762,0.1624755859375,0.0264892578125,0.0
11178,4696,shift_8px,input_unchanged,0.0,0.2215884029865265,11.404346749408683,0.0,0.20811794698238373,0.0,0.1624755859375,0.0107421875,0.0107421875
11178,4696,shift_8px,exact_mask_diagnostic,0.032114300003740937,0.12006254494190216,15.218024784004829,0.0,0.1137753576040268,0.0,0.1624755859375,0.0107421875,0.0107421875
11178,4696,shift_8px,supplied_mask,0.02874619999784045,0.13949379324913025,14.248476183002882,0.0018723238026723266,0.20811794698238373,0.1459774374961853,0.1624755859375,0.0107421875,0.0107421875
11178,4696,shift_8px,dilate_4px,0.046937399994931184,0.1291341632604599,14.372120005365566,0.003667857265099883,0.18945221602916718,0.14598220586776733,0.1624755859375,0.0107421875,0.0107421875
6413,1201,accurate,input_unchanged,0.0,0.2462875247001648,10.388217117537003,0.0,,,0.160308837890625,0.0,0.0
6413,1201,accurate,exact_mask_diagnostic,0.026317000010749325,0.12661172449588776,15.877172382859609,0.0,,,0.160308837890625,0.0,0.0
6413,1201,accurate,supplied_mask,0.026317000010749325,0.12661172449588776,15.877172382859609,0.0,,,0.160308837890625,0.0,0.0
6413,1201,accurate,dilate_4px,0.022934099994017743,0.14956852793693542,14.676326144628424,0.001251012785360217,,,0.160308837890625,0.0,0.0
6413,1201,under_4px,input_unchanged,0.0,0.2462875247001648,10.388217117537003,0.0,0.26396769285202026,,0.160308837890625,0.0,0.0240478515625
6413,1201,under_4px,exact_mask_diagnostic,0.026317000010749325,0.12661172449588776,15.877172382859609,0.0,0.04750091955065727,,0.160308837890625,0.0,0.0240478515625
6413,1201,under_4px,supplied_mask,0.03021959999750834,0.20564037561416626,11.959845430605432,0.0,0.26396769285202026,,0.160308837890625,0.0,0.0240478515625
6413,1201,under_4px,dilate_4px,0.031467099994188175,0.12661172449588776,15.877172382859609,0.0,0.04750091955065727,,0.160308837890625,0.0,0.0240478515625
6413,1201,over_4px,input_unchanged,0.0,0.2462875247001648,10.388217117537003,0.0,,0.0,0.160308837890625,0.0260009765625,0.0
6413,1201,over_4px,exact_mask_diagnostic,0.026317000010749325,0.12661172449588776,15.877172382859609,0.0,,0.0,0.160308837890625,0.0260009765625,0.0
6413,1201,over_4px,supplied_mask,0.03315170000132639,0.14956852793693542,14.676326144628424,0.001251012785360217,,0.04040095955133438,0.160308837890625,0.0260009765625,0.0
6413,1201,over_4px,dilate_4px,0.03491790000407491,0.16374751925468445,13.901412090175214,0.0033555966801941395,,0.06796962022781372,0.160308837890625,0.0260009765625,0.0
6413,1201,shift_8px,input_unchanged,0.0,0.2462875247001648,10.388217117537003,0.0,0.3554683029651642,0.0,0.160308837890625,0.0125732421875,0.0125732421875
6413,1201,shift_8px,exact_mask_diagnostic,0.026317000010749325,0.12661172449588776,15.877172382859609,0.0,0.049185674637556076,0.0,0.160308837890625,0.0125732421875,0.0125732421875
6413,1201,shift_8px,supplied_mask,0.030523600013111718,0.1593889743089676,13.747625160585418,0.0009000067948363721,0.3554683029651642,0.06010603532195091,0.160308837890625,0.0125732421875,0.0125732421875
6413,1201,shift_8px,dilate_4px,0.03102059999946505,0.16104140877723694,14.035029173162343,0.002296691993251443,0.34556055068969727,0.0747605562210083,0.160308837890625,0.0125732421875,0.0125732421875
28310,3974,accurate,input_unchanged,0.0,0.2701294422149658,10.00912136811178,0.0,,,0.123291015625,0.0,0.0
28310,3974,accurate,exact_mask_diagnostic,0.03100060000724625,0.07903625816106796,19.127595623773054,0.0,,,0.123291015625,0.0,0.0
28310,3974,accurate,supplied_mask,0.03100060000724625,0.07903625816106796,19.127595623773054,0.0,,,0.123291015625,0.0,0.0
28310,3974,accurate,dilate_4px,0.03882529999827966,0.09764078259468079,17.625151271826947,0.00161934201605618,,,0.123291015625,0.0,0.0
28310,3974,under_4px,input_unchanged,0.0,0.2701294422149658,10.00912136811178,0.0,0.2777116596698761,,0.123291015625,0.0,0.0211181640625
28310,3974,under_4px,exact_mask_diagnostic,0.03100060000724625,0.07903625816106796,19.127595623773054,0.0,0.05251723900437355,,0.123291015625,0.0,0.0211181640625
28310,3974,under_4px,supplied_mask,0.027306099989800714,0.2862142324447632,9.549038685827325,0.0,0.2777116596698761,,0.123291015625,0.0,0.0211181640625
28310,3974,under_4px,dilate_4px,0.034884200009400956,0.07903625816106796,19.127595623773054,0.0,0.05251723900437355,,0.123291015625,0.0,0.0211181640625
28310,3974,over_4px,input_unchanged,0.0,0.2701294422149658,10.00912136811178,0.0,,0.0,0.123291015625,0.0230712890625,0.0
28310,3974,over_4px,exact_mask_diagnostic,0.03100060000724625,0.07903625816106796,19.127595623773054,0.0,,0.0,0.123291015625,0.0230712890625,0.0
28310,3974,over_4px,supplied_mask,0.02724520000629127,0.09764078259468079,17.625151271826947,0.00161934201605618,,0.06153499707579613,0.123291015625,0.0230712890625,0.0
28310,3974,over_4px,dilate_4px,0.02627800000482239,0.11869222670793533,16.270277602266262,0.0049597397446632385,,0.1341276615858078,0.123291015625,0.0230712890625,0.0
28310,3974,shift_8px,input_unchanged,0.0,0.2701294422149658,10.00912136811178,0.0,0.301640123128891,0.0,0.123291015625,0.009765625,0.009765625
28310,3974,shift_8px,exact_mask_diagnostic,0.03100060000724625,0.07903625816106796,19.127595623773054,0.0,0.07005760818719864,0.0,0.123291015625,0.009765625,0.009765625
28310,3974,shift_8px,supplied_mask,0.02716379999765195,0.12978892028331757,14.82492269541017,0.0006763186538591981,0.301640123128891,0.06071650609374046,0.123291015625,0.009765625,0.009765625
28310,3974,shift_8px,dilate_4px,0.026226900008623488,0.12778006494045258,15.173222211589819,0.0021996672730892897,0.26809996366500854,0.09854695945978165,0.123291015625,0.009765625,0.009765625
19574,796,accurate,input_unchanged,0.0,0.27687403559684753,9.564774853050267,0.0,,,0.107879638671875,0.0,0.0
19574,796,accurate,exact_mask_diagnostic,0.025969900001655333,0.07677046209573746,19.132670999887562,0.0,,,0.107879638671875,0.0,0.0
19574,796,accurate,supplied_mask,0.025969900001655333,0.07677046209573746,19.132670999887562,0.0,,,0.107879638671875,0.0,0.0
19574,796,accurate,dilate_4px,0.032543399996939115,0.08779595792293549,17.6920449268065,0.0007872376590967178,,,0.107879638671875,0.0,0.0
19574,796,under_4px,input_unchanged,0.0,0.27687403559684753,9.564774853050267,0.0,0.27937769889831543,,0.107879638671875,0.0,0.0198974609375
19574,796,under_4px,exact_mask_diagnostic,0.025969900001655333,0.07677046209573746,19.132670999887562,0.0,0.03549034520983696,,0.107879638671875,0.0,0.0198974609375
19574,796,under_4px,supplied_mask,0.025992800001404248,0.286009818315506,9.115182514495428,0.0,0.27937769889831543,,0.107879638671875,0.0,0.0198974609375
19574,796,under_4px,dilate_4px,0.030439200010732748,0.07677046209573746,19.132670999887562,0.0,0.03549034520983696,,0.107879638671875,0.0,0.0198974609375
19574,796,over_4px,input_unchanged,0.0,0.27687403559684753,9.564774853050267,0.0,,0.0,0.107879638671875,0.0218505859375,0.0
19574,796,over_4px,exact_mask_diagnostic,0.025969900001655333,0.07677046209573746,19.132670999887562,0.0,,0.0,0.107879638671875,0.0218505859375,0.0
19574,796,over_4px,supplied_mask,0.026364199991803616,0.08779595792293549,17.6920449268065,0.0007872376590967178,,0.03214150667190552,0.107879638671875,0.0218505859375,0.0
19574,796,over_4px,dilate_4px,0.028368600003886968,0.11790897697210312,15.79226641943771,0.0025060775224119425,,0.06307965517044067,0.107879638671875,0.0218505859375,0.0
19574,796,shift_8px,input_unchanged,0.0,0.27687403559684753,9.564774853050267,0.0,0.3198327124118805,0.0,0.107879638671875,0.0123291015625,0.0123291015625
19574,796,shift_8px,exact_mask_diagnostic,0.025969900001655333,0.07677046209573746,19.132670999887562,0.0,0.04340175539255142,0.0,0.107879638671875,0.0123291015625,0.0123291015625
19574,796,shift_8px,supplied_mask,0.025437299991608597,0.20934762060642242,10.787577769280194,0.0004974726471118629,0.3198327124118805,0.03599657863378525,0.107879638671875,0.0123291015625,0.0123291015625
19574,796,shift_8px,dilate_4px,0.030044200000702403,0.15197691321372986,13.614149210845476,0.0015923409955576062,0.312832772731781,0.07078878581523895,0.107879638671875,0.0123291015625,0.0123291015625
26903,1164,accurate,input_unchanged,0.0,0.24117901921272278,10.603479658209158,0.0,,,0.1606292724609375,0.0,0.0
26903,1164,accurate,exact_mask_diagnostic,0.025939600003766827,0.08828923106193542,17.825609196630346,0.0,,,0.1606292724609375,0.0,0.0
26903,1164,accurate,supplied_mask,0.025939600003766827,0.08828923106193542,17.825609196630346,0.0,,,0.1606292724609375,0.0,0.0
26903,1164,accurate,dilate_4px,0.025937800004612654,0.10760006308555603,16.515718310932357,0.0010740492725744843,,,0.1606292724609375,0.0,0.0
26903,1164,under_4px,input_unchanged,0.0,0.24117901921272278,10.603479658209158,0.0,0.2662973999977112,,0.1606292724609375,0.0,0.0244140625
26903,1164,under_4px,exact_mask_diagnostic,0.025939600003766827,0.08828923106193542,17.825609196630346,0.0,0.044478729367256165,,0.1606292724609375,0.0,0.0244140625
26903,1164,under_4px,supplied_mask,0.026111500003025867,0.18266251683235168,12.695537142666158,0.0,0.2662973999977112,,0.1606292724609375,0.0,0.0244140625
26903,1164,under_4px,dilate_4px,0.028276799988816492,0.08828923106193542,17.825609196630346,0.0,0.044478729367256165,,0.1606292724609375,0.0,0.0244140625
26903,1164,over_4px,input_unchanged,0.0,0.24117901921272278,10.603479658209158,0.0,,0.0,0.1606292724609375,0.0263671875,0.0
26903,1164,over_4px,exact_mask_diagnostic,0.025939600003766827,0.08828923106193542,17.825609196630346,0.0,,0.0,0.1606292724609375,0.0263671875,0.0
26903,1164,over_4px,supplied_mask,0.026776599988806993,0.10760006308555603,16.515718310932357,0.0010740492725744843,,0.03419119119644165,0.1606292724609375,0.0263671875,0.0
26903,1164,over_4px,dilate_4px,0.02784799999790266,0.10515595227479935,16.91411261751181,0.0025234962813556194,,0.048606280237436295,0.1606292724609375,0.0263671875,0.0
26903,1164,shift_8px,input_unchanged,0.0,0.24117901921272278,10.603479658209158,0.0,0.25825098156929016,0.0,0.1606292724609375,0.0147705078125,0.0147705078125
26903,1164,shift_8px,exact_mask_diagnostic,0.025939600003766827,0.08828923106193542,17.825609196630346,0.0,0.045289408415555954,0.0,0.1606292724609375,0.0147705078125,0.0147705078125
26903,1164,shift_8px,supplied_mask,0.0257428000040818,0.12995512783527374,14.7107030010615,0.0007797849248163402,0.25825098156929016,0.0443132147192955,0.1606292724609375,0.0147705078125,0.0147705078125
26903,1164,shift_8px,dilate_4px,0.031199899996863678,0.14161550998687744,14.370448068713085,0.0012356180232018232,0.2532961368560791,0.03878701105713844,0.1606292724609375,0.0147705078125,0.0147705078125
